Bournemouth đấu với Tottenham,isPartial,keyword,Nguyễn Xuân Son,Tot vs,Phó Đức Nam,Lịch thi đấu AFF cúp 2024,Atletico Madrid,Thời tiết Hà Nội ngày mai,Shark Thủy,Chủ tịch nước Lương Cường,Phạm Minh Chính,Nvidia,Bitcoin,Epl,Man City
0.0,False,Bournemouth đấu với Tottenham,,,,,,,,,,,,,
0.0,False,Bournemouth đấu với Tottenham,,,,,,,,,,,,,
0.0,False,Bournemouth đấu với Tottenham,,,,,,,,,,,,,
0.0,False,Bournemouth đấu với Tottenham,,,,,,,,,,,,,
0.0,False,Bournemouth đấu với Tottenham,,,,,,,,,,,,,
0.0,False,Bournemouth đấu với Tottenham,,,,,,,,,,,,,
0.0,False,Bournemouth đấu với Tottenham,,,,,,,,,,,,,
0.0,False,Bournemouth đấu với Tottenham,,,,,,,,,,,,,
0.0,False,Bournemouth đấu với Tottenham,,,,,,,,,,,,,
0.0,False,Bournemouth đấu với Tottenham,,,,,,,,,,,,,
0.0,False,Bournemouth đấu với Tottenham,,,,,,,,,,,,,
0.0,False,Bournemouth đấu với Tottenham,,,,,,,,,,,,,
0.0,False,Bournemouth đấu với Tottenham,,,,,,,,,,,,,
0.0,False,Bournemouth đấu với Tottenham,,,,,,,,,,,,,
0.0,False,Bournemouth đấu với Tottenham,,,,,,,,,,,,,
0.0,False,Bournemouth đấu với Tottenham,,,,,,,,,,,,,
0.0,False,Bournemouth đấu với Tottenham,,,,,,,,,,,,,
0.0,False,Bournemouth đấu với Tottenham,,,,,,,,,,,,,
0.0,False,Bournemouth đấu với Tottenham,,,,,,,,,,,,,
0.0,False,Bournemouth đấu với Tottenham,,,,,,,,,,,,,
0.0,False,Bournemouth đấu với Tottenham,,,,,,,,,,,,,
0.0,False,Bournemouth đấu với Tottenham,,,,,,,,,,,,,
3.0,False,Bournemouth đấu với Tottenham,,,,,,,,,,,,,
0.0,False,Bournemouth đấu với Tottenham,,,,,,,,,,,,,
0.0,False,Bournemouth đấu với Tottenham,,,,,,,,,,,,,
0.0,False,Bournemouth đấu với Tottenham,,,,,,,,,,,,,
0.0,False,Bournemouth đấu với Tottenham,,,,,,,,,,,,,
0.0,False,Bournemouth đấu với Tottenham,,,,,,,,,,,,,
0.0,False,Bournemouth đấu với Tottenham,,,,,,,,,,,,,
0.0,False,Bournemouth đấu với Tottenham,,,,,,,,,,,,,
0.0,False,Bournemouth đấu với Tottenham,,,,,,,,,,,,,
0.0,False,Bournemouth đấu với Tottenham,,,,,,,,,,,,,
0.0,False,Bournemouth đấu với Tottenham,,,,,,,,,,,,,
49.0,False,Bournemouth đấu với Tottenham,,,,,,,,,,,,,
47.0,False,Bournemouth đấu với Tottenham,,,,,,,,,,,,,
37.0,False,Bournemouth đấu với Tottenham,,,,,,,,,,,,,
23.0,False,Bournemouth đấu với Tottenham,,,,,,,,,,,,,
32.0,False,Bournemouth đấu với Tottenham,,,,,,,,,,,,,
26.0,False,Bournemouth đấu với Tottenham,,,,,,,,,,,,,
30.0,False,Bournemouth đấu với Tottenham,,,,,,,,,,,,,
54.0,False,Bournemouth đấu với Tottenham,,,,,,,,,,,,,
40.0,False,Bournemouth đấu với Tottenham,,,,,,,,,,,,,
39.0,False,Bournemouth đấu với Tottenham,,,,,,,,,,,,,
43.0,False,Bournemouth đấu với Tottenham,,,,,,,,,,,,,
43.0,False,Bournemouth đấu với Tottenham,,,,,,,,,,,,,
45.0,False,Bournemouth đấu với Tottenham,,,,,,,,,,,,,
45.0,False,Bournemouth đấu với Tottenham,,,,,,,,,,,,,
47.0,False,Bournemouth đấu với Tottenham,,,,,,,,,,,,,
67.0,False,Bournemouth đấu với Tottenham,,,,,,,,,,,,,
63.0,False,Bournemouth đấu với Tottenham,,,,,,,,,,,,,
58.0,False,Bournemouth đấu với Tottenham,,,,,,,,,,,,,
59.0,False,Bournemouth đấu với Tottenham,,,,,,,,,,,,,
57.0,False,Bournemouth đấu với Tottenham,,,,,,,,,,,,,
64.0,False,Bournemouth đấu với Tottenham,,,,,,,,,,,,,
78.0,False,Bournemouth đấu với Tottenham,,,,,,,,,,,,,
76.0,False,Bournemouth đấu với Tottenham,,,,,,,,,,,,,
73.0,False,Bournemouth đấu với Tottenham,,,,,,,,,,,,,
63.0,False,Bournemouth đấu với Tottenham,,,,,,,,,,,,,
61.0,False,Bournemouth đấu với Tottenham,,,,,,,,,,,,,
62.0,False,Bournemouth đấu với Tottenham,,,,,,,,,,,,,
66.0,False,Bournemouth đấu với Tottenham,,,,,,,,,,,,,
65.0,False,Bournemouth đấu với Tottenham,,,,,,,,,,,,,
83.0,False,Bournemouth đấu với Tottenham,,,,,,,,,,,,,
100.0,False,Bournemouth đấu với Tottenham,,,,,,,,,,,,,
78.0,False,Bournemouth đấu với Tottenham,,,,,,,,,,,,,
63.0,False,Bournemouth đấu với Tottenham,,,,,,,,,,,,,
53.0,False,Bournemouth đấu với Tottenham,,,,,,,,,,,,,
39.0,False,Bournemouth đấu với Tottenham,,,,,,,,,,,,,
34.0,False,Bournemouth đấu với Tottenham,,,,,,,,,,,,,
26.0,False,Bournemouth đấu với Tottenham,,,,,,,,,,,,,
23.0,False,Bournemouth đấu với Tottenham,,,,,,,,,,,,,
20.0,False,Bournemouth đấu với Tottenham,,,,,,,,,,,,,
16.0,False,Bournemouth đấu với Tottenham,,,,,,,,,,,,,
13.0,False,Bournemouth đấu với Tottenham,,,,,,,,,,,,,
10.0,False,Bournemouth đấu với Tottenham,,,,,,,,,,,,,
11.0,False,Bournemouth đấu với Tottenham,,,,,,,,,,,,,
7.0,False,Bournemouth đấu với Tottenham,,,,,,,,,,,,,
7.0,False,Bournemouth đấu với Tottenham,,,,,,,,,,,,,
7.0,False,Bournemouth đấu với Tottenham,,,,,,,,,,,,,
5.0,False,Bournemouth đấu với Tottenham,,,,,,,,,,,,,
4.0,False,Bournemouth đấu với Tottenham,,,,,,,,,,,,,
4.0,False,Bournemouth đấu với Tottenham,,,,,,,,,,,,,
5.0,False,Bournemouth đấu với Tottenham,,,,,,,,,,,,,
4.0,False,Bournemouth đấu với Tottenham,,,,,,,,,,,,,
4.0,False,Bournemouth đấu với Tottenham,,,,,,,,,,,,,
3.0,False,Bournemouth đấu với Tottenham,,,,,,,,,,,,,
2.0,False,Bournemouth đấu với Tottenham,,,,,,,,,,,,,
3.0,False,Bournemouth đấu với Tottenham,,,,,,,,,,,,,
3.0,False,Bournemouth đấu với Tottenham,,,,,,,,,,,,,
3.0,False,Bournemouth đấu với Tottenham,,,,,,,,,,,,,
3.0,False,Bournemouth đấu với Tottenham,,,,,,,,,,,,,
3.0,False,Bournemouth đấu với Tottenham,,,,,,,,,,,,,
2.0,False,Bournemouth đấu với Tottenham,,,,,,,,,,,,,
3.0,False,Bournemouth đấu với Tottenham,,,,,,,,,,,,,
2.0,False,Bournemouth đấu với Tottenham,,,,,,,,,,,,,
3.0,False,Bournemouth đấu với Tottenham,,,,,,,,,,,,,
2.0,False,Bournemouth đấu với Tottenham,,,,,,,,,,,,,
2.0,False,Bournemouth đấu với Tottenham,,,,,,,,,,,,,
2.0,False,Bournemouth đấu với Tottenham,,,,,,,,,,,,,
2.0,False,Bournemouth đấu với Tottenham,,,,,,,,,,,,,
2.0,False,Bournemouth đấu với Tottenham,,,,,,,,,,,,,
2.0,False,Bournemouth đấu với Tottenham,,,,,,,,,,,,,
2.0,False,Bournemouth đấu với Tottenham,,,,,,,,,,,,,
3.0,False,Bournemouth đấu với Tottenham,,,,,,,,,,,,,
2.0,False,Bournemouth đấu với Tottenham,,,,,,,,,,,,,
3.0,False,Bournemouth đấu với Tottenham,,,,,,,,,,,,,
3.0,False,Bournemouth đấu với Tottenham,,,,,,,,,,,,,
2.0,False,Bournemouth đấu với Tottenham,,,,,,,,,,,,,
1.0,False,Bournemouth đấu với Tottenham,,,,,,,,,,,,,
2.0,False,Bournemouth đấu với Tottenham,,,,,,,,,,,,,
2.0,False,Bournemouth đấu với Tottenham,,,,,,,,,,,,,
2.0,False,Bournemouth đấu với Tottenham,,,,,,,,,,,,,
1.0,False,Bournemouth đấu với Tottenham,,,,,,,,,,,,,
1.0,False,Bournemouth đấu với Tottenham,,,,,,,,,,,,,
2.0,False,Bournemouth đấu với Tottenham,,,,,,,,,,,,,
1.0,False,Bournemouth đấu với Tottenham,,,,,,,,,,,,,
1.0,False,Bournemouth đấu với Tottenham,,,,,,,,,,,,,
2.0,False,Bournemouth đấu với Tottenham,,,,,,,,,,,,,
1.0,False,Bournemouth đấu với Tottenham,,,,,,,,,,,,,
1.0,False,Bournemouth đấu với Tottenham,,,,,,,,,,,,,
0.0,False,Bournemouth đấu với Tottenham,,,,,,,,,,,,,
1.0,False,Bournemouth đấu với Tottenham,,,,,,,,,,,,,
1.0,False,Bournemouth đấu với Tottenham,,,,,,,,,,,,,
1.0,False,Bournemouth đấu với Tottenham,,,,,,,,,,,,,
1.0,False,Bournemouth đấu với Tottenham,,,,,,,,,,,,,
1.0,False,Bournemouth đấu với Tottenham,,,,,,,,,,,,,
1.0,False,Bournemouth đấu với Tottenham,,,,,,,,,,,,,
1.0,False,Bournemouth đấu với Tottenham,,,,,,,,,,,,,
1.0,False,Bournemouth đấu với Tottenham,,,,,,,,,,,,,
0.0,False,Bournemouth đấu với Tottenham,,,,,,,,,,,,,
1.0,False,Bournemouth đấu với Tottenham,,,,,,,,,,,,,
1.0,False,Bournemouth đấu với Tottenham,,,,,,,,,,,,,
1.0,False,Bournemouth đấu với Tottenham,,,,,,,,,,,,,
0.0,False,Bournemouth đấu với Tottenham,,,,,,,,,,,,,
1.0,False,Bournemouth đấu với Tottenham,,,,,,,,,,,,,
0.0,False,Bournemouth đấu với Tottenham,,,,,,,,,,,,,
1.0,False,Bournemouth đấu với Tottenham,,,,,,,,,,,,,
1.0,False,Bournemouth đấu với Tottenham,,,,,,,,,,,,,
1.0,False,Bournemouth đấu với Tottenham,,,,,,,,,,,,,
1.0,False,Bournemouth đấu với Tottenham,,,,,,,,,,,,,
1.0,False,Bournemouth đấu với Tottenham,,,,,,,,,,,,,
1.0,False,Bournemouth đấu với Tottenham,,,,,,,,,,,,,
1.0,False,Bournemouth đấu với Tottenham,,,,,,,,,,,,,
1.0,False,Bournemouth đấu với Tottenham,,,,,,,,,,,,,
1.0,False,Bournemouth đấu với Tottenham,,,,,,,,,,,,,
1.0,False,Bournemouth đấu với Tottenham,,,,,,,,,,,,,
1.0,False,Bournemouth đấu với Tottenham,,,,,,,,,,,,,
1.0,False,Bournemouth đấu với Tottenham,,,,,,,,,,,,,
1.0,False,Bournemouth đấu với Tottenham,,,,,,,,,,,,,
2.0,False,Bournemouth đấu với Tottenham,,,,,,,,,,,,,
1.0,False,Bournemouth đấu với Tottenham,,,,,,,,,,,,,
1.0,False,Bournemouth đấu với Tottenham,,,,,,,,,,,,,
1.0,False,Bournemouth đấu với Tottenham,,,,,,,,,,,,,
1.0,False,Bournemouth đấu với Tottenham,,,,,,,,,,,,,
1.0,False,Bournemouth đấu với Tottenham,,,,,,,,,,,,,
1.0,False,Bournemouth đấu với Tottenham,,,,,,,,,,,,,
1.0,False,Bournemouth đấu với Tottenham,,,,,,,,,,,,,
1.0,False,Bournemouth đấu với Tottenham,,,,,,,,,,,,,
1.0,False,Bournemouth đấu với Tottenham,,,,,,,,,,,,,
0.0,False,Bournemouth đấu với Tottenham,,,,,,,,,,,,,
1.0,False,Bournemouth đấu với Tottenham,,,,,,,,,,,,,
0.0,False,Bournemouth đấu với Tottenham,,,,,,,,,,,,,
0.0,False,Bournemouth đấu với Tottenham,,,,,,,,,,,,,
0.0,False,Bournemouth đấu với Tottenham,,,,,,,,,,,,,
0.0,False,Bournemouth đấu với Tottenham,,,,,,,,,,,,,
0.0,False,Bournemouth đấu với Tottenham,,,,,,,,,,,,,
0.0,False,Bournemouth đấu với Tottenham,,,,,,,,,,,,,
0.0,False,Bournemouth đấu với Tottenham,,,,,,,,,,,,,
0.0,False,Bournemouth đấu với Tottenham,,,,,,,,,,,,,
1.0,False,Bournemouth đấu với Tottenham,,,,,,,,,,,,,
0.0,False,Bournemouth đấu với Tottenham,,,,,,,,,,,,,
0.0,False,Bournemouth đấu với Tottenham,,,,,,,,,,,,,
0.0,False,Bournemouth đấu với Tottenham,,,,,,,,,,,,,
0.0,False,Bournemouth đấu với Tottenham,,,,,,,,,,,,,
0.0,False,Bournemouth đấu với Tottenham,,,,,,,,,,,,,
0.0,False,Bournemouth đấu với Tottenham,,,,,,,,,,,,,
1.0,False,Bournemouth đấu với Tottenham,,,,,,,,,,,,,
1.0,False,Bournemouth đấu với Tottenham,,,,,,,,,,,,,
0.0,False,Bournemouth đấu với Tottenham,,,,,,,,,,,,,
0.0,False,Bournemouth đấu với Tottenham,,,,,,,,,,,,,
0.0,True,Bournemouth đấu với Tottenham,,,,,,,,,,,,,
,False,Nguyễn Xuân Son,16.0,,,,,,,,,,,,
,False,Nguyễn Xuân Son,11.0,,,,,,,,,,,,
,False,Nguyễn Xuân Son,18.0,,,,,,,,,,,,
,False,Nguyễn Xuân Son,17.0,,,,,,,,,,,,
,False,Nguyễn Xuân Son,12.0,,,,,,,,,,,,
,False,Nguyễn Xuân Son,28.0,,,,,,,,,,,,
,False,Nguyễn Xuân Son,14.0,,,,,,,,,,,,
,False,Nguyễn Xuân Son,0.0,,,,,,,,,,,,
,False,Nguyễn Xuân Son,15.0,,,,,,,,,,,,
,False,Nguyễn Xuân Son,18.0,,,,,,,,,,,,
,False,Nguyễn Xuân Son,0.0,,,,,,,,,,,,
,False,Nguyễn Xuân Son,30.0,,,,,,,,,,,,
,False,Nguyễn Xuân Son,19.0,,,,,,,,,,,,
,False,Nguyễn Xuân Son,0.0,,,,,,,,,,,,
,False,Nguyễn Xuân Son,0.0,,,,,,,,,,,,
,False,Nguyễn Xuân Son,0.0,,,,,,,,,,,,
,False,Nguyễn Xuân Son,0.0,,,,,,,,,,,,
,False,Nguyễn Xuân Son,0.0,,,,,,,,,,,,
,False,Nguyễn Xuân Son,0.0,,,,,,,,,,,,
,False,Nguyễn Xuân Son,0.0,,,,,,,,,,,,
,False,Nguyễn Xuân Son,0.0,,,,,,,,,,,,
,False,Nguyễn Xuân Son,0.0,,,,,,,,,,,,
,False,Nguyễn Xuân Son,0.0,,,,,,,,,,,,
,False,Nguyễn Xuân Son,44.0,,,,,,,,,,,,
,False,Nguyễn Xuân Son,0.0,,,,,,,,,,,,
,False,Nguyễn Xuân Son,0.0,,,,,,,,,,,,
,False,Nguyễn Xuân Son,0.0,,,,,,,,,,,,
,False,Nguyễn Xuân Son,0.0,,,,,,,,,,,,
,False,Nguyễn Xuân Son,0.0,,,,,,,,,,,,
,False,Nguyễn Xuân Son,0.0,,,,,,,,,,,,
,False,Nguyễn Xuân Son,0.0,,,,,,,,,,,,
,False,Nguyễn Xuân Son,0.0,,,,,,,,,,,,
,False,Nguyễn Xuân Son,0.0,,,,,,,,,,,,
,False,Nguyễn Xuân Son,0.0,,,,,,,,,,,,
,False,Nguyễn Xuân Son,0.0,,,,,,,,,,,,
,False,Nguyễn Xuân Son,0.0,,,,,,,,,,,,
,False,Nguyễn Xuân Son,0.0,,,,,,,,,,,,
,False,Nguyễn Xuân Son,0.0,,,,,,,,,,,,
,False,Nguyễn Xuân Son,0.0,,,,,,,,,,,,
,False,Nguyễn Xuân Son,0.0,,,,,,,,,,,,
,False,Nguyễn Xuân Son,0.0,,,,,,,,,,,,
,False,Nguyễn Xuân Son,0.0,,,,,,,,,,,,
,False,Nguyễn Xuân Son,0.0,,,,,,,,,,,,
,False,Nguyễn Xuân Son,0.0,,,,,,,,,,,,
,False,Nguyễn Xuân Son,100.0,,,,,,,,,,,,
,False,Nguyễn Xuân Son,0.0,,,,,,,,,,,,
,False,Nguyễn Xuân Son,0.0,,,,,,,,,,,,
,False,Nguyễn Xuân Son,0.0,,,,,,,,,,,,
,False,Nguyễn Xuân Son,0.0,,,,,,,,,,,,
,False,Nguyễn Xuân Son,0.0,,,,,,,,,,,,
,False,Nguyễn Xuân Son,0.0,,,,,,,,,,,,
,False,Nguyễn Xuân Son,0.0,,,,,,,,,,,,
,False,Nguyễn Xuân Son,0.0,,,,,,,,,,,,
,False,Nguyễn Xuân Son,0.0,,,,,,,,,,,,
,False,Nguyễn Xuân Son,0.0,,,,,,,,,,,,
,False,Nguyễn Xuân Son,0.0,,,,,,,,,,,,
,False,Nguyễn Xuân Son,0.0,,,,,,,,,,,,
,False,Nguyễn Xuân Son,0.0,,,,,,,,,,,,
,False,Nguyễn Xuân Son,0.0,,,,,,,,,,,,
,False,Nguyễn Xuân Son,0.0,,,,,,,,,,,,
,False,Nguyễn Xuân Son,0.0,,,,,,,,,,,,
,False,Nguyễn Xuân Son,0.0,,,,,,,,,,,,
,False,Nguyễn Xuân Son,0.0,,,,,,,,,,,,
,False,Nguyễn Xuân Son,0.0,,,,,,,,,,,,
,False,Nguyễn Xuân Son,0.0,,,,,,,,,,,,
,False,Nguyễn Xuân Son,0.0,,,,,,,,,,,,
,False,Nguyễn Xuân Son,0.0,,,,,,,,,,,,
,False,Nguyễn Xuân Son,0.0,,,,,,,,,,,,
,False,Nguyễn Xuân Son,0.0,,,,,,,,,,,,
,False,Nguyễn Xuân Son,20.0,,,,,,,,,,,,
,False,Nguyễn Xuân Son,0.0,,,,,,,,,,,,
,False,Nguyễn Xuân Son,0.0,,,,,,,,,,,,
,False,Nguyễn Xuân Son,20.0,,,,,,,,,,,,
,False,Nguyễn Xuân Son,19.0,,,,,,,,,,,,
,False,Nguyễn Xuân Son,0.0,,,,,,,,,,,,
,False,Nguyễn Xuân Son,0.0,,,,,,,,,,,,
,False,Nguyễn Xuân Son,0.0,,,,,,,,,,,,
,False,Nguyễn Xuân Son,0.0,,,,,,,,,,,,
,False,Nguyễn Xuân Son,0.0,,,,,,,,,,,,
,False,Nguyễn Xuân Son,15.0,,,,,,,,,,,,
,False,Nguyễn Xuân Son,0.0,,,,,,,,,,,,
,False,Nguyễn Xuân Son,11.0,,,,,,,,,,,,
,False,Nguyễn Xuân Son,0.0,,,,,,,,,,,,
,False,Nguyễn Xuân Son,0.0,,,,,,,,,,,,
,False,Nguyễn Xuân Son,14.0,,,,,,,,,,,,
,False,Nguyễn Xuân Son,0.0,,,,,,,,,,,,
,False,Nguyễn Xuân Son,19.0,,,,,,,,,,,,
,False,Nguyễn Xuân Son,11.0,,,,,,,,,,,,
,False,Nguyễn Xuân Son,11.0,,,,,,,,,,,,
,False,Nguyễn Xuân Son,13.0,,,,,,,,,,,,
,False,Nguyễn Xuân Son,13.0,,,,,,,,,,,,
,False,Nguyễn Xuân Son,12.0,,,,,,,,,,,,
,False,Nguyễn Xuân Son,0.0,,,,,,,,,,,,
,False,Nguyễn Xuân Son,18.0,,,,,,,,,,,,
,False,Nguyễn Xuân Son,11.0,,,,,,,,,,,,
,False,Nguyễn Xuân Son,13.0,,,,,,,,,,,,
,False,Nguyễn Xuân Son,17.0,,,,,,,,,,,,
,False,Nguyễn Xuân Son,11.0,,,,,,,,,,,,
,False,Nguyễn Xuân Son,19.0,,,,,,,,,,,,
,False,Nguyễn Xuân Son,11.0,,,,,,,,,,,,
,False,Nguyễn Xuân Son,13.0,,,,,,,,,,,,
,False,Nguyễn Xuân Son,17.0,,,,,,,,,,,,
,False,Nguyễn Xuân Son,19.0,,,,,,,,,,,,
,False,Nguyễn Xuân Son,20.0,,,,,,,,,,,,
,False,Nguyễn Xuân Son,34.0,,,,,,,,,,,,
,False,Nguyễn Xuân Son,21.0,,,,,,,,,,,,
,False,Nguyễn Xuân Son,20.0,,,,,,,,,,,,
,False,Nguyễn Xuân Son,17.0,,,,,,,,,,,,
,False,Nguyễn Xuân Son,18.0,,,,,,,,,,,,
,False,Nguyễn Xuân Son,15.0,,,,,,,,,,,,
,False,Nguyễn Xuân Son,17.0,,,,,,,,,,,,
,False,Nguyễn Xuân Son,18.0,,,,,,,,,,,,
,False,Nguyễn Xuân Son,14.0,,,,,,,,,,,,
,False,Nguyễn Xuân Son,23.0,,,,,,,,,,,,
,False,Nguyễn Xuân Son,0.0,,,,,,,,,,,,
,False,Nguyễn Xuân Son,17.0,,,,,,,,,,,,
,False,Nguyễn Xuân Son,0.0,,,,,,,,,,,,
,False,Nguyễn Xuân Son,0.0,,,,,,,,,,,,
,False,Nguyễn Xuân Son,13.0,,,,,,,,,,,,
,False,Nguyễn Xuân Son,0.0,,,,,,,,,,,,
,False,Nguyễn Xuân Son,0.0,,,,,,,,,,,,
,False,Nguyễn Xuân Son,0.0,,,,,,,,,,,,
,False,Nguyễn Xuân Son,19.0,,,,,,,,,,,,
,False,Nguyễn Xuân Son,17.0,,,,,,,,,,,,
,False,Nguyễn Xuân Son,16.0,,,,,,,,,,,,
,False,Nguyễn Xuân Son,0.0,,,,,,,,,,,,
,False,Nguyễn Xuân Son,17.0,,,,,,,,,,,,
,False,Nguyễn Xuân Son,11.0,,,,,,,,,,,,
,False,Nguyễn Xuân Son,13.0,,,,,,,,,,,,
,False,Nguyễn Xuân Son,10.0,,,,,,,,,,,,
,False,Nguyễn Xuân Son,0.0,,,,,,,,,,,,
,False,Nguyễn Xuân Son,12.0,,,,,,,,,,,,
,False,Nguyễn Xuân Son,17.0,,,,,,,,,,,,
,False,Nguyễn Xuân Son,10.0,,,,,,,,,,,,
,False,Nguyễn Xuân Son,10.0,,,,,,,,,,,,
,False,Nguyễn Xuân Son,12.0,,,,,,,,,,,,
,False,Nguyễn Xuân Son,17.0,,,,,,,,,,,,
,False,Nguyễn Xuân Son,8.0,,,,,,,,,,,,
,False,Nguyễn Xuân Son,0.0,,,,,,,,,,,,
,False,Nguyễn Xuân Son,10.0,,,,,,,,,,,,
,False,Nguyễn Xuân Son,8.0,,,,,,,,,,,,
,False,Nguyễn Xuân Son,12.0,,,,,,,,,,,,
,False,Nguyễn Xuân Son,0.0,,,,,,,,,,,,
,False,Nguyễn Xuân Son,14.0,,,,,,,,,,,,
,False,Nguyễn Xuân Son,0.0,,,,,,,,,,,,
,False,Nguyễn Xuân Son,0.0,,,,,,,,,,,,
,False,Nguyễn Xuân Son,0.0,,,,,,,,,,,,
,False,Nguyễn Xuân Son,10.0,,,,,,,,,,,,
,False,Nguyễn Xuân Son,0.0,,,,,,,,,,,,
,False,Nguyễn Xuân Son,0.0,,,,,,,,,,,,
,False,Nguyễn Xuân Son,13.0,,,,,,,,,,,,
,False,Nguyễn Xuân Son,11.0,,,,,,,,,,,,
,False,Nguyễn Xuân Son,9.0,,,,,,,,,,,,
,False,Nguyễn Xuân Son,10.0,,,,,,,,,,,,
,False,Nguyễn Xuân Son,0.0,,,,,,,,,,,,
,False,Nguyễn Xuân Son,9.0,,,,,,,,,,,,
,False,Nguyễn Xuân Son,11.0,,,,,,,,,,,,
,False,Nguyễn Xuân Son,9.0,,,,,,,,,,,,
,False,Nguyễn Xuân Son,19.0,,,,,,,,,,,,
,False,Nguyễn Xuân Son,16.0,,,,,,,,,,,,
,False,Nguyễn Xuân Son,12.0,,,,,,,,,,,,
,False,Nguyễn Xuân Son,10.0,,,,,,,,,,,,
,False,Nguyễn Xuân Son,13.0,,,,,,,,,,,,
,False,Nguyễn Xuân Son,14.0,,,,,,,,,,,,
,False,Nguyễn Xuân Son,35.0,,,,,,,,,,,,
,False,Nguyễn Xuân Son,12.0,,,,,,,,,,,,
,False,Nguyễn Xuân Son,0.0,,,,,,,,,,,,
,False,Nguyễn Xuân Son,11.0,,,,,,,,,,,,
,False,Nguyễn Xuân Son,0.0,,,,,,,,,,,,
,False,Nguyễn Xuân Son,17.0,,,,,,,,,,,,
,False,Nguyễn Xuân Son,19.0,,,,,,,,,,,,
,False,Nguyễn Xuân Son,12.0,,,,,,,,,,,,
,False,Nguyễn Xuân Son,11.0,,,,,,,,,,,,
,False,Nguyễn Xuân Son,0.0,,,,,,,,,,,,
,False,Nguyễn Xuân Son,12.0,,,,,,,,,,,,
,False,Nguyễn Xuân Son,8.0,,,,,,,,,,,,
,False,Nguyễn Xuân Son,10.0,,,,,,,,,,,,
,False,Nguyễn Xuân Son,12.0,,,,,,,,,,,,
,False,Nguyễn Xuân Son,16.0,,,,,,,,,,,,
,False,Nguyễn Xuân Son,0.0,,,,,,,,,,,,
,True,Nguyễn Xuân Son,0.0,,,,,,,,,,,,
,False,Tot vs,,5.0,,,,,,,,,,,
,False,Tot vs,,0.0,,,,,,,,,,,
,False,Tot vs,,0.0,,,,,,,,,,,
,False,Tot vs,,0.0,,,,,,,,,,,
,False,Tot vs,,7.0,,,,,,,,,,,
,False,Tot vs,,0.0,,,,,,,,,,,
,False,Tot vs,,0.0,,,,,,,,,,,
,False,Tot vs,,0.0,,,,,,,,,,,
,False,Tot vs,,8.0,,,,,,,,,,,
,False,Tot vs,,0.0,,,,,,,,,,,
,False,Tot vs,,11.0,,,,,,,,,,,
,False,Tot vs,,0.0,,,,,,,,,,,
,False,Tot vs,,0.0,,,,,,,,,,,
,False,Tot vs,,0.0,,,,,,,,,,,
,False,Tot vs,,9.0,,,,,,,,,,,
,False,Tot vs,,0.0,,,,,,,,,,,
,False,Tot vs,,0.0,,,,,,,,,,,
,False,Tot vs,,0.0,,,,,,,,,,,
,False,Tot vs,,0.0,,,,,,,,,,,
,False,Tot vs,,16.0,,,,,,,,,,,
,False,Tot vs,,0.0,,,,,,,,,,,
,False,Tot vs,,15.0,,,,,,,,,,,
,False,Tot vs,,0.0,,,,,,,,,,,
,False,Tot vs,,0.0,,,,,,,,,,,
,False,Tot vs,,0.0,,,,,,,,,,,
,False,Tot vs,,0.0,,,,,,,,,,,
,False,Tot vs,,0.0,,,,,,,,,,,
,False,Tot vs,,0.0,,,,,,,,,,,
,False,Tot vs,,0.0,,,,,,,,,,,
,False,Tot vs,,0.0,,,,,,,,,,,
,False,Tot vs,,0.0,,,,,,,,,,,
,False,Tot vs,,0.0,,,,,,,,,,,
,False,Tot vs,,0.0,,,,,,,,,,,
,False,Tot vs,,58.0,,,,,,,,,,,
,False,Tot vs,,31.0,,,,,,,,,,,
,False,Tot vs,,70.0,,,,,,,,,,,
,False,Tot vs,,0.0,,,,,,,,,,,
,False,Tot vs,,59.0,,,,,,,,,,,
,False,Tot vs,,48.0,,,,,,,,,,,
,False,Tot vs,,68.0,,,,,,,,,,,
,False,Tot vs,,100.0,,,,,,,,,,,
,False,Tot vs,,46.0,,,,,,,,,,,
,False,Tot vs,,63.0,,,,,,,,,,,
,False,Tot vs,,35.0,,,,,,,,,,,
,False,Tot vs,,53.0,,,,,,,,,,,
,False,Tot vs,,44.0,,,,,,,,,,,
,False,Tot vs,,43.0,,,,,,,,,,,
,False,Tot vs,,63.0,,,,,,,,,,,
,False,Tot vs,,70.0,,,,,,,,,,,
,False,Tot vs,,64.0,,,,,,,,,,,
,False,Tot vs,,36.0,,,,,,,,,,,
,False,Tot vs,,55.0,,,,,,,,,,,
,False,Tot vs,,51.0,,,,,,,,,,,
,False,Tot vs,,52.0,,,,,,,,,,,
,False,Tot vs,,61.0,,,,,,,,,,,
,False,Tot vs,,47.0,,,,,,,,,,,
,False,Tot vs,,51.0,,,,,,,,,,,
,False,Tot vs,,37.0,,,,,,,,,,,
,False,Tot vs,,23.0,,,,,,,,,,,
,False,Tot vs,,24.0,,,,,,,,,,,
,False,Tot vs,,42.0,,,,,,,,,,,
,False,Tot vs,,27.0,,,,,,,,,,,
,False,Tot vs,,39.0,,,,,,,,,,,
,False,Tot vs,,31.0,,,,,,,,,,,
,False,Tot vs,,34.0,,,,,,,,,,,
,False,Tot vs,,34.0,,,,,,,,,,,
,False,Tot vs,,18.0,,,,,,,,,,,
,False,Tot vs,,13.0,,,,,,,,,,,
,False,Tot vs,,11.0,,,,,,,,,,,
,False,Tot vs,,15.0,,,,,,,,,,,
,False,Tot vs,,15.0,,,,,,,,,,,
,False,Tot vs,,0.0,,,,,,,,,,,
,False,Tot vs,,11.0,,,,,,,,,,,
,False,Tot vs,,9.0,,,,,,,,,,,
,False,Tot vs,,0.0,,,,,,,,,,,
,False,Tot vs,,0.0,,,,,,,,,,,
,False,Tot vs,,11.0,,,,,,,,,,,
,False,Tot vs,,8.0,,,,,,,,,,,
,False,Tot vs,,7.0,,,,,,,,,,,
,False,Tot vs,,5.0,,,,,,,,,,,
,False,Tot vs,,0.0,,,,,,,,,,,
,False,Tot vs,,9.0,,,,,,,,,,,
,False,Tot vs,,5.0,,,,,,,,,,,
,False,Tot vs,,5.0,,,,,,,,,,,
,False,Tot vs,,0.0,,,,,,,,,,,
,False,Tot vs,,5.0,,,,,,,,,,,
,False,Tot vs,,0.0,,,,,,,,,,,
,False,Tot vs,,0.0,,,,,,,,,,,
,False,Tot vs,,0.0,,,,,,,,,,,
,False,Tot vs,,5.0,,,,,,,,,,,
,False,Tot vs,,0.0,,,,,,,,,,,
,False,Tot vs,,6.0,,,,,,,,,,,
,False,Tot vs,,0.0,,,,,,,,,,,
,False,Tot vs,,0.0,,,,,,,,,,,
,False,Tot vs,,0.0,,,,,,,,,,,
,False,Tot vs,,0.0,,,,,,,,,,,
,False,Tot vs,,5.0,,,,,,,,,,,
,False,Tot vs,,0.0,,,,,,,,,,,
,False,Tot vs,,0.0,,,,,,,,,,,
,False,Tot vs,,0.0,,,,,,,,,,,
,False,Tot vs,,5.0,,,,,,,,,,,
,False,Tot vs,,0.0,,,,,,,,,,,
,False,Tot vs,,5.0,,,,,,,,,,,
,False,Tot vs,,0.0,,,,,,,,,,,
,False,Tot vs,,0.0,,,,,,,,,,,
,False,Tot vs,,0.0,,,,,,,,,,,
,False,Tot vs,,0.0,,,,,,,,,,,
,False,Tot vs,,0.0,,,,,,,,,,,
,False,Tot vs,,0.0,,,,,,,,,,,
,False,Tot vs,,0.0,,,,,,,,,,,
,False,Tot vs,,0.0,,,,,,,,,,,
,False,Tot vs,,0.0,,,,,,,,,,,
,False,Tot vs,,0.0,,,,,,,,,,,
,False,Tot vs,,0.0,,,,,,,,,,,
,False,Tot vs,,0.0,,,,,,,,,,,
,False,Tot vs,,0.0,,,,,,,,,,,
,False,Tot vs,,0.0,,,,,,,,,,,
,False,Tot vs,,0.0,,,,,,,,,,,
,False,Tot vs,,0.0,,,,,,,,,,,
,False,Tot vs,,0.0,,,,,,,,,,,
,False,Tot vs,,0.0,,,,,,,,,,,
,False,Tot vs,,0.0,,,,,,,,,,,
,False,Tot vs,,0.0,,,,,,,,,,,
,False,Tot vs,,0.0,,,,,,,,,,,
,False,Tot vs,,0.0,,,,,,,,,,,
,False,Tot vs,,0.0,,,,,,,,,,,
,False,Tot vs,,0.0,,,,,,,,,,,
,False,Tot vs,,0.0,,,,,,,,,,,
,False,Tot vs,,0.0,,,,,,,,,,,
,False,Tot vs,,0.0,,,,,,,,,,,
,False,Tot vs,,0.0,,,,,,,,,,,
,False,Tot vs,,0.0,,,,,,,,,,,
,False,Tot vs,,0.0,,,,,,,,,,,
,False,Tot vs,,0.0,,,,,,,,,,,
,False,Tot vs,,0.0,,,,,,,,,,,
,False,Tot vs,,0.0,,,,,,,,,,,
,False,Tot vs,,0.0,,,,,,,,,,,
,False,Tot vs,,0.0,,,,,,,,,,,
,False,Tot vs,,0.0,,,,,,,,,,,
,False,Tot vs,,0.0,,,,,,,,,,,
,False,Tot vs,,0.0,,,,,,,,,,,
,False,Tot vs,,0.0,,,,,,,,,,,
,False,Tot vs,,0.0,,,,,,,,,,,
,False,Tot vs,,0.0,,,,,,,,,,,
,False,Tot vs,,0.0,,,,,,,,,,,
,False,Tot vs,,0.0,,,,,,,,,,,
,False,Tot vs,,0.0,,,,,,,,,,,
,False,Tot vs,,0.0,,,,,,,,,,,
,False,Tot vs,,0.0,,,,,,,,,,,
,False,Tot vs,,0.0,,,,,,,,,,,
,False,Tot vs,,0.0,,,,,,,,,,,
,False,Tot vs,,0.0,,,,,,,,,,,
,False,Tot vs,,0.0,,,,,,,,,,,
,False,Tot vs,,0.0,,,,,,,,,,,
,False,Tot vs,,0.0,,,,,,,,,,,
,False,Tot vs,,0.0,,,,,,,,,,,
,False,Tot vs,,0.0,,,,,,,,,,,
,False,Tot vs,,0.0,,,,,,,,,,,
,False,Tot vs,,0.0,,,,,,,,,,,
,False,Tot vs,,0.0,,,,,,,,,,,
,False,Tot vs,,0.0,,,,,,,,,,,
,False,Tot vs,,0.0,,,,,,,,,,,
,False,Tot vs,,0.0,,,,,,,,,,,
,False,Tot vs,,0.0,,,,,,,,,,,
,False,Tot vs,,0.0,,,,,,,,,,,
,False,Tot vs,,0.0,,,,,,,,,,,
,False,Tot vs,,0.0,,,,,,,,,,,
,False,Tot vs,,0.0,,,,,,,,,,,
,False,Tot vs,,0.0,,,,,,,,,,,
,False,Tot vs,,0.0,,,,,,,,,,,
,False,Tot vs,,0.0,,,,,,,,,,,
,False,Tot vs,,0.0,,,,,,,,,,,
,False,Tot vs,,0.0,,,,,,,,,,,
,False,Tot vs,,0.0,,,,,,,,,,,
,False,Tot vs,,0.0,,,,,,,,,,,
,False,Tot vs,,0.0,,,,,,,,,,,
,False,Tot vs,,0.0,,,,,,,,,,,
,False,Tot vs,,0.0,,,,,,,,,,,
,False,Tot vs,,0.0,,,,,,,,,,,
,False,Tot vs,,0.0,,,,,,,,,,,
,True,Tot vs,,0.0,,,,,,,,,,,
,False,Phó Đức Nam,,,0.0,,,,,,,,,,
,False,Phó Đức Nam,,,0.0,,,,,,,,,,
,False,Phó Đức Nam,,,0.0,,,,,,,,,,
,False,Phó Đức Nam,,,0.0,,,,,,,,,,
,False,Phó Đức Nam,,,0.0,,,,,,,,,,
,False,Phó Đức Nam,,,0.0,,,,,,,,,,
,False,Phó Đức Nam,,,0.0,,,,,,,,,,
,False,Phó Đức Nam,,,0.0,,,,,,,,,,
,False,Phó Đức Nam,,,0.0,,,,,,,,,,
,False,Phó Đức Nam,,,0.0,,,,,,,,,,
,False,Phó Đức Nam,,,0.0,,,,,,,,,,
,False,Phó Đức Nam,,,0.0,,,,,,,,,,
,False,Phó Đức Nam,,,0.0,,,,,,,,,,
,False,Phó Đức Nam,,,0.0,,,,,,,,,,
,False,Phó Đức Nam,,,0.0,,,,,,,,,,
,False,Phó Đức Nam,,,0.0,,,,,,,,,,
,False,Phó Đức Nam,,,0.0,,,,,,,,,,
,False,Phó Đức Nam,,,0.0,,,,,,,,,,
,False,Phó Đức Nam,,,0.0,,,,,,,,,,
,False,Phó Đức Nam,,,0.0,,,,,,,,,,
,False,Phó Đức Nam,,,0.0,,,,,,,,,,
,False,Phó Đức Nam,,,0.0,,,,,,,,,,
,False,Phó Đức Nam,,,0.0,,,,,,,,,,
,False,Phó Đức Nam,,,0.0,,,,,,,,,,
,False,Phó Đức Nam,,,0.0,,,,,,,,,,
,False,Phó Đức Nam,,,0.0,,,,,,,,,,
,False,Phó Đức Nam,,,0.0,,,,,,,,,,
,False,Phó Đức Nam,,,0.0,,,,,,,,,,
,False,Phó Đức Nam,,,0.0,,,,,,,,,,
,False,Phó Đức Nam,,,0.0,,,,,,,,,,
,False,Phó Đức Nam,,,0.0,,,,,,,,,,
,False,Phó Đức Nam,,,0.0,,,,,,,,,,
,False,Phó Đức Nam,,,0.0,,,,,,,,,,
,False,Phó Đức Nam,,,0.0,,,,,,,,,,
,False,Phó Đức Nam,,,0.0,,,,,,,,,,
,False,Phó Đức Nam,,,0.0,,,,,,,,,,
,False,Phó Đức Nam,,,0.0,,,,,,,,,,
,False,Phó Đức Nam,,,0.0,,,,,,,,,,
,False,Phó Đức Nam,,,0.0,,,,,,,,,,
,False,Phó Đức Nam,,,0.0,,,,,,,,,,
,False,Phó Đức Nam,,,0.0,,,,,,,,,,
,False,Phó Đức Nam,,,0.0,,,,,,,,,,
,False,Phó Đức Nam,,,0.0,,,,,,,,,,
,False,Phó Đức Nam,,,0.0,,,,,,,,,,
,False,Phó Đức Nam,,,0.0,,,,,,,,,,
,False,Phó Đức Nam,,,0.0,,,,,,,,,,
,False,Phó Đức Nam,,,0.0,,,,,,,,,,
,False,Phó Đức Nam,,,0.0,,,,,,,,,,
,False,Phó Đức Nam,,,0.0,,,,,,,,,,
,False,Phó Đức Nam,,,0.0,,,,,,,,,,
,False,Phó Đức Nam,,,0.0,,,,,,,,,,
,False,Phó Đức Nam,,,100.0,,,,,,,,,,
,False,Phó Đức Nam,,,0.0,,,,,,,,,,
,False,Phó Đức Nam,,,0.0,,,,,,,,,,
,False,Phó Đức Nam,,,60.0,,,,,,,,,,
,False,Phó Đức Nam,,,0.0,,,,,,,,,,
,False,Phó Đức Nam,,,0.0,,,,,,,,,,
,False,Phó Đức Nam,,,0.0,,,,,,,,,,
,False,Phó Đức Nam,,,0.0,,,,,,,,,,
,False,Phó Đức Nam,,,0.0,,,,,,,,,,
,False,Phó Đức Nam,,,0.0,,,,,,,,,,
,False,Phó Đức Nam,,,0.0,,,,,,,,,,
,False,Phó Đức Nam,,,0.0,,,,,,,,,,
,False,Phó Đức Nam,,,0.0,,,,,,,,,,
,False,Phó Đức Nam,,,0.0,,,,,,,,,,
,False,Phó Đức Nam,,,0.0,,,,,,,,,,
,False,Phó Đức Nam,,,0.0,,,,,,,,,,
,False,Phó Đức Nam,,,0.0,,,,,,,,,,
,False,Phó Đức Nam,,,0.0,,,,,,,,,,
,False,Phó Đức Nam,,,0.0,,,,,,,,,,
,False,Phó Đức Nam,,,0.0,,,,,,,,,,
,False,Phó Đức Nam,,,0.0,,,,,,,,,,
,False,Phó Đức Nam,,,0.0,,,,,,,,,,
,False,Phó Đức Nam,,,22.0,,,,,,,,,,
,False,Phó Đức Nam,,,0.0,,,,,,,,,,
,False,Phó Đức Nam,,,0.0,,,,,,,,,,
,False,Phó Đức Nam,,,0.0,,,,,,,,,,
,False,Phó Đức Nam,,,0.0,,,,,,,,,,
,False,Phó Đức Nam,,,0.0,,,,,,,,,,
,False,Phó Đức Nam,,,0.0,,,,,,,,,,
,False,Phó Đức Nam,,,0.0,,,,,,,,,,
,False,Phó Đức Nam,,,0.0,,,,,,,,,,
,False,Phó Đức Nam,,,0.0,,,,,,,,,,
,False,Phó Đức Nam,,,0.0,,,,,,,,,,
,False,Phó Đức Nam,,,13.0,,,,,,,,,,
,False,Phó Đức Nam,,,0.0,,,,,,,,,,
,False,Phó Đức Nam,,,0.0,,,,,,,,,,
,False,Phó Đức Nam,,,0.0,,,,,,,,,,
,False,Phó Đức Nam,,,0.0,,,,,,,,,,
,False,Phó Đức Nam,,,0.0,,,,,,,,,,
,False,Phó Đức Nam,,,0.0,,,,,,,,,,
,False,Phó Đức Nam,,,0.0,,,,,,,,,,
,False,Phó Đức Nam,,,12.0,,,,,,,,,,
,False,Phó Đức Nam,,,0.0,,,,,,,,,,
,False,Phó Đức Nam,,,0.0,,,,,,,,,,
,False,Phó Đức Nam,,,0.0,,,,,,,,,,
,False,Phó Đức Nam,,,0.0,,,,,,,,,,
,False,Phó Đức Nam,,,12.0,,,,,,,,,,
,False,Phó Đức Nam,,,0.0,,,,,,,,,,
,False,Phó Đức Nam,,,0.0,,,,,,,,,,
,False,Phó Đức Nam,,,0.0,,,,,,,,,,
,False,Phó Đức Nam,,,0.0,,,,,,,,,,
,False,Phó Đức Nam,,,0.0,,,,,,,,,,
,False,Phó Đức Nam,,,0.0,,,,,,,,,,
,False,Phó Đức Nam,,,0.0,,,,,,,,,,
,False,Phó Đức Nam,,,0.0,,,,,,,,,,
,False,Phó Đức Nam,,,15.0,,,,,,,,,,
,False,Phó Đức Nam,,,0.0,,,,,,,,,,
,False,Phó Đức Nam,,,0.0,,,,,,,,,,
,False,Phó Đức Nam,,,0.0,,,,,,,,,,
,False,Phó Đức Nam,,,0.0,,,,,,,,,,
,False,Phó Đức Nam,,,0.0,,,,,,,,,,
,False,Phó Đức Nam,,,0.0,,,,,,,,,,
,False,Phó Đức Nam,,,0.0,,,,,,,,,,
,False,Phó Đức Nam,,,0.0,,,,,,,,,,
,False,Phó Đức Nam,,,0.0,,,,,,,,,,
,False,Phó Đức Nam,,,0.0,,,,,,,,,,
,False,Phó Đức Nam,,,0.0,,,,,,,,,,
,False,Phó Đức Nam,,,0.0,,,,,,,,,,
,False,Phó Đức Nam,,,0.0,,,,,,,,,,
,False,Phó Đức Nam,,,0.0,,,,,,,,,,
,False,Phó Đức Nam,,,0.0,,,,,,,,,,
,False,Phó Đức Nam,,,0.0,,,,,,,,,,
,False,Phó Đức Nam,,,0.0,,,,,,,,,,
,False,Phó Đức Nam,,,0.0,,,,,,,,,,
,False,Phó Đức Nam,,,12.0,,,,,,,,,,
,False,Phó Đức Nam,,,0.0,,,,,,,,,,
,False,Phó Đức Nam,,,0.0,,,,,,,,,,
,False,Phó Đức Nam,,,0.0,,,,,,,,,,
,False,Phó Đức Nam,,,13.0,,,,,,,,,,
,False,Phó Đức Nam,,,0.0,,,,,,,,,,
,False,Phó Đức Nam,,,30.0,,,,,,,,,,
,False,Phó Đức Nam,,,37.0,,,,,,,,,,
,False,Phó Đức Nam,,,20.0,,,,,,,,,,
,False,Phó Đức Nam,,,26.0,,,,,,,,,,
,False,Phó Đức Nam,,,24.0,,,,,,,,,,
,False,Phó Đức Nam,,,33.0,,,,,,,,,,
,False,Phó Đức Nam,,,48.0,,,,,,,,,,
,False,Phó Đức Nam,,,26.0,,,,,,,,,,
,False,Phó Đức Nam,,,31.0,,,,,,,,,,
,False,Phó Đức Nam,,,30.0,,,,,,,,,,
,False,Phó Đức Nam,,,49.0,,,,,,,,,,
,False,Phó Đức Nam,,,78.0,,,,,,,,,,
,False,Phó Đức Nam,,,72.0,,,,,,,,,,
,False,Phó Đức Nam,,,63.0,,,,,,,,,,
,False,Phó Đức Nam,,,51.0,,,,,,,,,,
,False,Phó Đức Nam,,,39.0,,,,,,,,,,
,False,Phó Đức Nam,,,30.0,,,,,,,,,,
,False,Phó Đức Nam,,,30.0,,,,,,,,,,
,False,Phó Đức Nam,,,35.0,,,,,,,,,,
,False,Phó Đức Nam,,,24.0,,,,,,,,,,
,False,Phó Đức Nam,,,29.0,,,,,,,,,,
,False,Phó Đức Nam,,,20.0,,,,,,,,,,
,False,Phó Đức Nam,,,19.0,,,,,,,,,,
,False,Phó Đức Nam,,,21.0,,,,,,,,,,
,False,Phó Đức Nam,,,18.0,,,,,,,,,,
,False,Phó Đức Nam,,,27.0,,,,,,,,,,
,False,Phó Đức Nam,,,32.0,,,,,,,,,,
,False,Phó Đức Nam,,,23.0,,,,,,,,,,
,False,Phó Đức Nam,,,22.0,,,,,,,,,,
,False,Phó Đức Nam,,,22.0,,,,,,,,,,
,False,Phó Đức Nam,,,25.0,,,,,,,,,,
,False,Phó Đức Nam,,,32.0,,,,,,,,,,
,False,Phó Đức Nam,,,29.0,,,,,,,,,,
,False,Phó Đức Nam,,,22.0,,,,,,,,,,
,False,Phó Đức Nam,,,35.0,,,,,,,,,,
,False,Phó Đức Nam,,,21.0,,,,,,,,,,
,False,Phó Đức Nam,,,20.0,,,,,,,,,,
,False,Phó Đức Nam,,,21.0,,,,,,,,,,
,False,Phó Đức Nam,,,19.0,,,,,,,,,,
,False,Phó Đức Nam,,,24.0,,,,,,,,,,
,False,Phó Đức Nam,,,23.0,,,,,,,,,,
,False,Phó Đức Nam,,,24.0,,,,,,,,,,
,False,Phó Đức Nam,,,25.0,,,,,,,,,,
,False,Phó Đức Nam,,,24.0,,,,,,,,,,
,False,Phó Đức Nam,,,27.0,,,,,,,,,,
,False,Phó Đức Nam,,,23.0,,,,,,,,,,
,False,Phó Đức Nam,,,27.0,,,,,,,,,,
,False,Phó Đức Nam,,,17.0,,,,,,,,,,
,False,Phó Đức Nam,,,27.0,,,,,,,,,,
,True,Phó Đức Nam,,,0.0,,,,,,,,,,
,False,Lịch thi đấu AFF cúp 2024,,,,24.0,,,,,,,,,
,False,Lịch thi đấu AFF cúp 2024,,,,0.0,,,,,,,,,
,False,Lịch thi đấu AFF cúp 2024,,,,0.0,,,,,,,,,
,False,Lịch thi đấu AFF cúp 2024,,,,0.0,,,,,,,,,
,False,Lịch thi đấu AFF cúp 2024,,,,0.0,,,,,,,,,
,False,Lịch thi đấu AFF cúp 2024,,,,0.0,,,,,,,,,
,False,Lịch thi đấu AFF cúp 2024,,,,0.0,,,,,,,,,
,False,Lịch thi đấu AFF cúp 2024,,,,0.0,,,,,,,,,
,False,Lịch thi đấu AFF cúp 2024,,,,0.0,,,,,,,,,
,False,Lịch thi đấu AFF cúp 2024,,,,0.0,,,,,,,,,
,False,Lịch thi đấu AFF cúp 2024,,,,0.0,,,,,,,,,
,False,Lịch thi đấu AFF cúp 2024,,,,0.0,,,,,,,,,
,False,Lịch thi đấu AFF cúp 2024,,,,0.0,,,,,,,,,
,False,Lịch thi đấu AFF cúp 2024,,,,0.0,,,,,,,,,
,False,Lịch thi đấu AFF cúp 2024,,,,0.0,,,,,,,,,
,False,Lịch thi đấu AFF cúp 2024,,,,0.0,,,,,,,,,
,False,Lịch thi đấu AFF cúp 2024,,,,0.0,,,,,,,,,
,False,Lịch thi đấu AFF cúp 2024,,,,0.0,,,,,,,,,
,False,Lịch thi đấu AFF cúp 2024,,,,0.0,,,,,,,,,
,False,Lịch thi đấu AFF cúp 2024,,,,0.0,,,,,,,,,
,False,Lịch thi đấu AFF cúp 2024,,,,0.0,,,,,,,,,
,False,Lịch thi đấu AFF cúp 2024,,,,0.0,,,,,,,,,
,False,Lịch thi đấu AFF cúp 2024,,,,0.0,,,,,,,,,
,False,Lịch thi đấu AFF cúp 2024,,,,0.0,,,,,,,,,
,False,Lịch thi đấu AFF cúp 2024,,,,0.0,,,,,,,,,
,False,Lịch thi đấu AFF cúp 2024,,,,0.0,,,,,,,,,
,False,Lịch thi đấu AFF cúp 2024,,,,0.0,,,,,,,,,
,False,Lịch thi đấu AFF cúp 2024,,,,0.0,,,,,,,,,
,False,Lịch thi đấu AFF cúp 2024,,,,0.0,,,,,,,,,
,False,Lịch thi đấu AFF cúp 2024,,,,0.0,,,,,,,,,
,False,Lịch thi đấu AFF cúp 2024,,,,0.0,,,,,,,,,
,False,Lịch thi đấu AFF cúp 2024,,,,100.0,,,,,,,,,
,False,Lịch thi đấu AFF cúp 2024,,,,0.0,,,,,,,,,
,False,Lịch thi đấu AFF cúp 2024,,,,0.0,,,,,,,,,
,False,Lịch thi đấu AFF cúp 2024,,,,0.0,,,,,,,,,
,False,Lịch thi đấu AFF cúp 2024,,,,0.0,,,,,,,,,
,False,Lịch thi đấu AFF cúp 2024,,,,0.0,,,,,,,,,
,False,Lịch thi đấu AFF cúp 2024,,,,0.0,,,,,,,,,
,False,Lịch thi đấu AFF cúp 2024,,,,0.0,,,,,,,,,
,False,Lịch thi đấu AFF cúp 2024,,,,0.0,,,,,,,,,
,False,Lịch thi đấu AFF cúp 2024,,,,0.0,,,,,,,,,
,False,Lịch thi đấu AFF cúp 2024,,,,0.0,,,,,,,,,
,False,Lịch thi đấu AFF cúp 2024,,,,0.0,,,,,,,,,
,False,Lịch thi đấu AFF cúp 2024,,,,0.0,,,,,,,,,
,False,Lịch thi đấu AFF cúp 2024,,,,0.0,,,,,,,,,
,False,Lịch thi đấu AFF cúp 2024,,,,0.0,,,,,,,,,
,False,Lịch thi đấu AFF cúp 2024,,,,0.0,,,,,,,,,
,False,Lịch thi đấu AFF cúp 2024,,,,0.0,,,,,,,,,
,False,Lịch thi đấu AFF cúp 2024,,,,0.0,,,,,,,,,
,False,Lịch thi đấu AFF cúp 2024,,,,0.0,,,,,,,,,
,False,Lịch thi đấu AFF cúp 2024,,,,0.0,,,,,,,,,
,False,Lịch thi đấu AFF cúp 2024,,,,0.0,,,,,,,,,
,False,Lịch thi đấu AFF cúp 2024,,,,0.0,,,,,,,,,
,False,Lịch thi đấu AFF cúp 2024,,,,0.0,,,,,,,,,
,False,Lịch thi đấu AFF cúp 2024,,,,0.0,,,,,,,,,
,False,Lịch thi đấu AFF cúp 2024,,,,0.0,,,,,,,,,
,False,Lịch thi đấu AFF cúp 2024,,,,0.0,,,,,,,,,
,False,Lịch thi đấu AFF cúp 2024,,,,0.0,,,,,,,,,
,False,Lịch thi đấu AFF cúp 2024,,,,0.0,,,,,,,,,
,False,Lịch thi đấu AFF cúp 2024,,,,0.0,,,,,,,,,
,False,Lịch thi đấu AFF cúp 2024,,,,0.0,,,,,,,,,
,False,Lịch thi đấu AFF cúp 2024,,,,0.0,,,,,,,,,
,False,Lịch thi đấu AFF cúp 2024,,,,0.0,,,,,,,,,
,False,Lịch thi đấu AFF cúp 2024,,,,0.0,,,,,,,,,
,False,Lịch thi đấu AFF cúp 2024,,,,0.0,,,,,,,,,
,False,Lịch thi đấu AFF cúp 2024,,,,0.0,,,,,,,,,
,False,Lịch thi đấu AFF cúp 2024,,,,0.0,,,,,,,,,
,False,Lịch thi đấu AFF cúp 2024,,,,0.0,,,,,,,,,
,False,Lịch thi đấu AFF cúp 2024,,,,0.0,,,,,,,,,
,False,Lịch thi đấu AFF cúp 2024,,,,0.0,,,,,,,,,
,False,Lịch thi đấu AFF cúp 2024,,,,0.0,,,,,,,,,
,False,Lịch thi đấu AFF cúp 2024,,,,0.0,,,,,,,,,
,False,Lịch thi đấu AFF cúp 2024,,,,0.0,,,,,,,,,
,False,Lịch thi đấu AFF cúp 2024,,,,0.0,,,,,,,,,
,False,Lịch thi đấu AFF cúp 2024,,,,0.0,,,,,,,,,
,False,Lịch thi đấu AFF cúp 2024,,,,0.0,,,,,,,,,
,False,Lịch thi đấu AFF cúp 2024,,,,0.0,,,,,,,,,
,False,Lịch thi đấu AFF cúp 2024,,,,0.0,,,,,,,,,
,False,Lịch thi đấu AFF cúp 2024,,,,0.0,,,,,,,,,
,False,Lịch thi đấu AFF cúp 2024,,,,0.0,,,,,,,,,
,False,Lịch thi đấu AFF cúp 2024,,,,0.0,,,,,,,,,
,False,Lịch thi đấu AFF cúp 2024,,,,0.0,,,,,,,,,
,False,Lịch thi đấu AFF cúp 2024,,,,0.0,,,,,,,,,
,False,Lịch thi đấu AFF cúp 2024,,,,0.0,,,,,,,,,
,False,Lịch thi đấu AFF cúp 2024,,,,0.0,,,,,,,,,
,False,Lịch thi đấu AFF cúp 2024,,,,0.0,,,,,,,,,
,False,Lịch thi đấu AFF cúp 2024,,,,0.0,,,,,,,,,
,False,Lịch thi đấu AFF cúp 2024,,,,0.0,,,,,,,,,
,False,Lịch thi đấu AFF cúp 2024,,,,0.0,,,,,,,,,
,False,Lịch thi đấu AFF cúp 2024,,,,0.0,,,,,,,,,
,False,Lịch thi đấu AFF cúp 2024,,,,0.0,,,,,,,,,
,False,Lịch thi đấu AFF cúp 2024,,,,17.0,,,,,,,,,
,False,Lịch thi đấu AFF cúp 2024,,,,0.0,,,,,,,,,
,False,Lịch thi đấu AFF cúp 2024,,,,20.0,,,,,,,,,
,False,Lịch thi đấu AFF cúp 2024,,,,0.0,,,,,,,,,
,False,Lịch thi đấu AFF cúp 2024,,,,0.0,,,,,,,,,
,False,Lịch thi đấu AFF cúp 2024,,,,0.0,,,,,,,,,
,False,Lịch thi đấu AFF cúp 2024,,,,0.0,,,,,,,,,
,False,Lịch thi đấu AFF cúp 2024,,,,0.0,,,,,,,,,
,False,Lịch thi đấu AFF cúp 2024,,,,0.0,,,,,,,,,
,False,Lịch thi đấu AFF cúp 2024,,,,0.0,,,,,,,,,
,False,Lịch thi đấu AFF cúp 2024,,,,0.0,,,,,,,,,
,False,Lịch thi đấu AFF cúp 2024,,,,0.0,,,,,,,,,
,False,Lịch thi đấu AFF cúp 2024,,,,18.0,,,,,,,,,
,False,Lịch thi đấu AFF cúp 2024,,,,19.0,,,,,,,,,
,False,Lịch thi đấu AFF cúp 2024,,,,0.0,,,,,,,,,
,False,Lịch thi đấu AFF cúp 2024,,,,23.0,,,,,,,,,
,False,Lịch thi đấu AFF cúp 2024,,,,0.0,,,,,,,,,
,False,Lịch thi đấu AFF cúp 2024,,,,0.0,,,,,,,,,
,False,Lịch thi đấu AFF cúp 2024,,,,0.0,,,,,,,,,
,False,Lịch thi đấu AFF cúp 2024,,,,0.0,,,,,,,,,
,False,Lịch thi đấu AFF cúp 2024,,,,0.0,,,,,,,,,
,False,Lịch thi đấu AFF cúp 2024,,,,0.0,,,,,,,,,
,False,Lịch thi đấu AFF cúp 2024,,,,0.0,,,,,,,,,
,False,Lịch thi đấu AFF cúp 2024,,,,0.0,,,,,,,,,
,False,Lịch thi đấu AFF cúp 2024,,,,0.0,,,,,,,,,
,False,Lịch thi đấu AFF cúp 2024,,,,0.0,,,,,,,,,
,False,Lịch thi đấu AFF cúp 2024,,,,0.0,,,,,,,,,
,False,Lịch thi đấu AFF cúp 2024,,,,0.0,,,,,,,,,
,False,Lịch thi đấu AFF cúp 2024,,,,0.0,,,,,,,,,
,False,Lịch thi đấu AFF cúp 2024,,,,0.0,,,,,,,,,
,False,Lịch thi đấu AFF cúp 2024,,,,0.0,,,,,,,,,
,False,Lịch thi đấu AFF cúp 2024,,,,0.0,,,,,,,,,
,False,Lịch thi đấu AFF cúp 2024,,,,0.0,,,,,,,,,
,False,Lịch thi đấu AFF cúp 2024,,,,0.0,,,,,,,,,
,False,Lịch thi đấu AFF cúp 2024,,,,0.0,,,,,,,,,
,False,Lịch thi đấu AFF cúp 2024,,,,19.0,,,,,,,,,
,False,Lịch thi đấu AFF cúp 2024,,,,17.0,,,,,,,,,
,False,Lịch thi đấu AFF cúp 2024,,,,0.0,,,,,,,,,
,False,Lịch thi đấu AFF cúp 2024,,,,0.0,,,,,,,,,
,False,Lịch thi đấu AFF cúp 2024,,,,0.0,,,,,,,,,
,False,Lịch thi đấu AFF cúp 2024,,,,0.0,,,,,,,,,
,False,Lịch thi đấu AFF cúp 2024,,,,0.0,,,,,,,,,
,False,Lịch thi đấu AFF cúp 2024,,,,0.0,,,,,,,,,
,False,Lịch thi đấu AFF cúp 2024,,,,0.0,,,,,,,,,
,False,Lịch thi đấu AFF cúp 2024,,,,0.0,,,,,,,,,
,False,Lịch thi đấu AFF cúp 2024,,,,0.0,,,,,,,,,
,False,Lịch thi đấu AFF cúp 2024,,,,0.0,,,,,,,,,
,False,Lịch thi đấu AFF cúp 2024,,,,0.0,,,,,,,,,
,False,Lịch thi đấu AFF cúp 2024,,,,13.0,,,,,,,,,
,False,Lịch thi đấu AFF cúp 2024,,,,0.0,,,,,,,,,
,False,Lịch thi đấu AFF cúp 2024,,,,0.0,,,,,,,,,
,False,Lịch thi đấu AFF cúp 2024,,,,16.0,,,,,,,,,
,False,Lịch thi đấu AFF cúp 2024,,,,0.0,,,,,,,,,
,False,Lịch thi đấu AFF cúp 2024,,,,0.0,,,,,,,,,
,False,Lịch thi đấu AFF cúp 2024,,,,0.0,,,,,,,,,
,False,Lịch thi đấu AFF cúp 2024,,,,0.0,,,,,,,,,
,False,Lịch thi đấu AFF cúp 2024,,,,0.0,,,,,,,,,
,False,Lịch thi đấu AFF cúp 2024,,,,0.0,,,,,,,,,
,False,Lịch thi đấu AFF cúp 2024,,,,16.0,,,,,,,,,
,False,Lịch thi đấu AFF cúp 2024,,,,0.0,,,,,,,,,
,False,Lịch thi đấu AFF cúp 2024,,,,0.0,,,,,,,,,
,False,Lịch thi đấu AFF cúp 2024,,,,19.0,,,,,,,,,
,False,Lịch thi đấu AFF cúp 2024,,,,13.0,,,,,,,,,
,False,Lịch thi đấu AFF cúp 2024,,,,0.0,,,,,,,,,
,False,Lịch thi đấu AFF cúp 2024,,,,0.0,,,,,,,,,
,False,Lịch thi đấu AFF cúp 2024,,,,24.0,,,,,,,,,
,False,Lịch thi đấu AFF cúp 2024,,,,0.0,,,,,,,,,
,False,Lịch thi đấu AFF cúp 2024,,,,18.0,,,,,,,,,
,False,Lịch thi đấu AFF cúp 2024,,,,0.0,,,,,,,,,
,False,Lịch thi đấu AFF cúp 2024,,,,17.0,,,,,,,,,
,False,Lịch thi đấu AFF cúp 2024,,,,0.0,,,,,,,,,
,False,Lịch thi đấu AFF cúp 2024,,,,0.0,,,,,,,,,
,False,Lịch thi đấu AFF cúp 2024,,,,0.0,,,,,,,,,
,False,Lịch thi đấu AFF cúp 2024,,,,15.0,,,,,,,,,
,False,Lịch thi đấu AFF cúp 2024,,,,23.0,,,,,,,,,
,False,Lịch thi đấu AFF cúp 2024,,,,0.0,,,,,,,,,
,False,Lịch thi đấu AFF cúp 2024,,,,0.0,,,,,,,,,
,False,Lịch thi đấu AFF cúp 2024,,,,18.0,,,,,,,,,
,False,Lịch thi đấu AFF cúp 2024,,,,0.0,,,,,,,,,
,False,Lịch thi đấu AFF cúp 2024,,,,0.0,,,,,,,,,
,False,Lịch thi đấu AFF cúp 2024,,,,0.0,,,,,,,,,
,False,Lịch thi đấu AFF cúp 2024,,,,0.0,,,,,,,,,
,False,Lịch thi đấu AFF cúp 2024,,,,16.0,,,,,,,,,
,False,Lịch thi đấu AFF cúp 2024,,,,0.0,,,,,,,,,
,False,Lịch thi đấu AFF cúp 2024,,,,0.0,,,,,,,,,
,False,Lịch thi đấu AFF cúp 2024,,,,0.0,,,,,,,,,
,False,Lịch thi đấu AFF cúp 2024,,,,0.0,,,,,,,,,
,False,Lịch thi đấu AFF cúp 2024,,,,0.0,,,,,,,,,
,False,Lịch thi đấu AFF cúp 2024,,,,0.0,,,,,,,,,
,True,Lịch thi đấu AFF cúp 2024,,,,0.0,,,,,,,,,
,False,Atletico Madrid,,,,,0.0,,,,,,,,
,False,Atletico Madrid,,,,,0.0,,,,,,,,
,False,Atletico Madrid,,,,,0.0,,,,,,,,
,False,Atletico Madrid,,,,,0.0,,,,,,,,
,False,Atletico Madrid,,,,,0.0,,,,,,,,
,False,Atletico Madrid,,,,,0.0,,,,,,,,
,False,Atletico Madrid,,,,,0.0,,,,,,,,
,False,Atletico Madrid,,,,,0.0,,,,,,,,
,False,Atletico Madrid,,,,,0.0,,,,,,,,
,False,Atletico Madrid,,,,,0.0,,,,,,,,
,False,Atletico Madrid,,,,,0.0,,,,,,,,
,False,Atletico Madrid,,,,,0.0,,,,,,,,
,False,Atletico Madrid,,,,,0.0,,,,,,,,
,False,Atletico Madrid,,,,,0.0,,,,,,,,
,False,Atletico Madrid,,,,,0.0,,,,,,,,
,False,Atletico Madrid,,,,,0.0,,,,,,,,
,False,Atletico Madrid,,,,,0.0,,,,,,,,
,False,Atletico Madrid,,,,,0.0,,,,,,,,
,False,Atletico Madrid,,,,,15.0,,,,,,,,
,False,Atletico Madrid,,,,,17.0,,,,,,,,
,False,Atletico Madrid,,,,,16.0,,,,,,,,
,False,Atletico Madrid,,,,,17.0,,,,,,,,
,False,Atletico Madrid,,,,,41.0,,,,,,,,
,False,Atletico Madrid,,,,,38.0,,,,,,,,
,False,Atletico Madrid,,,,,31.0,,,,,,,,
,False,Atletico Madrid,,,,,40.0,,,,,,,,
,False,Atletico Madrid,,,,,22.0,,,,,,,,
,False,Atletico Madrid,,,,,21.0,,,,,,,,
,False,Atletico Madrid,,,,,40.0,,,,,,,,
,False,Atletico Madrid,,,,,0.0,,,,,,,,
,False,Atletico Madrid,,,,,27.0,,,,,,,,
,False,Atletico Madrid,,,,,28.0,,,,,,,,
,False,Atletico Madrid,,,,,43.0,,,,,,,,
,False,Atletico Madrid,,,,,27.0,,,,,,,,
,False,Atletico Madrid,,,,,38.0,,,,,,,,
,False,Atletico Madrid,,,,,47.0,,,,,,,,
,False,Atletico Madrid,,,,,0.0,,,,,,,,
,False,Atletico Madrid,,,,,100.0,,,,,,,,
,False,Atletico Madrid,,,,,68.0,,,,,,,,
,False,Atletico Madrid,,,,,33.0,,,,,,,,
,False,Atletico Madrid,,,,,38.0,,,,,,,,
,False,Atletico Madrid,,,,,34.0,,,,,,,,
,False,Atletico Madrid,,,,,0.0,,,,,,,,
,False,Atletico Madrid,,,,,0.0,,,,,,,,
,False,Atletico Madrid,,,,,0.0,,,,,,,,
,False,Atletico Madrid,,,,,30.0,,,,,,,,
,False,Atletico Madrid,,,,,0.0,,,,,,,,
,False,Atletico Madrid,,,,,0.0,,,,,,,,
,False,Atletico Madrid,,,,,0.0,,,,,,,,
,False,Atletico Madrid,,,,,0.0,,,,,,,,
,False,Atletico Madrid,,,,,0.0,,,,,,,,
,False,Atletico Madrid,,,,,0.0,,,,,,,,
,False,Atletico Madrid,,,,,0.0,,,,,,,,
,False,Atletico Madrid,,,,,24.0,,,,,,,,
,False,Atletico Madrid,,,,,0.0,,,,,,,,
,False,Atletico Madrid,,,,,0.0,,,,,,,,
,False,Atletico Madrid,,,,,0.0,,,,,,,,
,False,Atletico Madrid,,,,,0.0,,,,,,,,
,False,Atletico Madrid,,,,,0.0,,,,,,,,
,False,Atletico Madrid,,,,,15.0,,,,,,,,
,False,Atletico Madrid,,,,,18.0,,,,,,,,
,False,Atletico Madrid,,,,,0.0,,,,,,,,
,False,Atletico Madrid,,,,,0.0,,,,,,,,
,False,Atletico Madrid,,,,,0.0,,,,,,,,
,False,Atletico Madrid,,,,,15.0,,,,,,,,
,False,Atletico Madrid,,,,,10.0,,,,,,,,
,False,Atletico Madrid,,,,,0.0,,,,,,,,
,False,Atletico Madrid,,,,,0.0,,,,,,,,
,False,Atletico Madrid,,,,,0.0,,,,,,,,
,False,Atletico Madrid,,,,,0.0,,,,,,,,
,False,Atletico Madrid,,,,,0.0,,,,,,,,
,False,Atletico Madrid,,,,,8.0,,,,,,,,
,False,Atletico Madrid,,,,,0.0,,,,,,,,
,False,Atletico Madrid,,,,,6.0,,,,,,,,
,False,Atletico Madrid,,,,,0.0,,,,,,,,
,False,Atletico Madrid,,,,,0.0,,,,,,,,
,False,Atletico Madrid,,,,,0.0,,,,,,,,
,False,Atletico Madrid,,,,,0.0,,,,,,,,
,False,Atletico Madrid,,,,,0.0,,,,,,,,
,False,Atletico Madrid,,,,,0.0,,,,,,,,
,False,Atletico Madrid,,,,,0.0,,,,,,,,
,False,Atletico Madrid,,,,,0.0,,,,,,,,
,False,Atletico Madrid,,,,,0.0,,,,,,,,
,False,Atletico Madrid,,,,,0.0,,,,,,,,
,False,Atletico Madrid,,,,,0.0,,,,,,,,
,False,Atletico Madrid,,,,,0.0,,,,,,,,
,False,Atletico Madrid,,,,,0.0,,,,,,,,
,False,Atletico Madrid,,,,,0.0,,,,,,,,
,False,Atletico Madrid,,,,,0.0,,,,,,,,
,False,Atletico Madrid,,,,,0.0,,,,,,,,
,False,Atletico Madrid,,,,,0.0,,,,,,,,
,False,Atletico Madrid,,,,,0.0,,,,,,,,
,False,Atletico Madrid,,,,,4.0,,,,,,,,
,False,Atletico Madrid,,,,,0.0,,,,,,,,
,False,Atletico Madrid,,,,,0.0,,,,,,,,
,False,Atletico Madrid,,,,,0.0,,,,,,,,
,False,Atletico Madrid,,,,,0.0,,,,,,,,
,False,Atletico Madrid,,,,,0.0,,,,,,,,
,False,Atletico Madrid,,,,,0.0,,,,,,,,
,False,Atletico Madrid,,,,,0.0,,,,,,,,
,False,Atletico Madrid,,,,,0.0,,,,,,,,
,False,Atletico Madrid,,,,,0.0,,,,,,,,
,False,Atletico Madrid,,,,,0.0,,,,,,,,
,False,Atletico Madrid,,,,,0.0,,,,,,,,
,False,Atletico Madrid,,,,,0.0,,,,,,,,
,False,Atletico Madrid,,,,,0.0,,,,,,,,
,False,Atletico Madrid,,,,,0.0,,,,,,,,
,False,Atletico Madrid,,,,,0.0,,,,,,,,
,False,Atletico Madrid,,,,,0.0,,,,,,,,
,False,Atletico Madrid,,,,,0.0,,,,,,,,
,False,Atletico Madrid,,,,,0.0,,,,,,,,
,False,Atletico Madrid,,,,,0.0,,,,,,,,
,False,Atletico Madrid,,,,,0.0,,,,,,,,
,False,Atletico Madrid,,,,,0.0,,,,,,,,
,False,Atletico Madrid,,,,,0.0,,,,,,,,
,False,Atletico Madrid,,,,,0.0,,,,,,,,
,False,Atletico Madrid,,,,,0.0,,,,,,,,
,False,Atletico Madrid,,,,,0.0,,,,,,,,
,False,Atletico Madrid,,,,,0.0,,,,,,,,
,False,Atletico Madrid,,,,,0.0,,,,,,,,
,False,Atletico Madrid,,,,,0.0,,,,,,,,
,False,Atletico Madrid,,,,,0.0,,,,,,,,
,False,Atletico Madrid,,,,,0.0,,,,,,,,
,False,Atletico Madrid,,,,,0.0,,,,,,,,
,False,Atletico Madrid,,,,,0.0,,,,,,,,
,False,Atletico Madrid,,,,,0.0,,,,,,,,
,False,Atletico Madrid,,,,,0.0,,,,,,,,
,False,Atletico Madrid,,,,,0.0,,,,,,,,
,False,Atletico Madrid,,,,,0.0,,,,,,,,
,False,Atletico Madrid,,,,,0.0,,,,,,,,
,False,Atletico Madrid,,,,,0.0,,,,,,,,
,False,Atletico Madrid,,,,,0.0,,,,,,,,
,False,Atletico Madrid,,,,,0.0,,,,,,,,
,False,Atletico Madrid,,,,,0.0,,,,,,,,
,False,Atletico Madrid,,,,,0.0,,,,,,,,
,False,Atletico Madrid,,,,,0.0,,,,,,,,
,False,Atletico Madrid,,,,,0.0,,,,,,,,
,False,Atletico Madrid,,,,,0.0,,,,,,,,
,False,Atletico Madrid,,,,,0.0,,,,,,,,
,False,Atletico Madrid,,,,,0.0,,,,,,,,
,False,Atletico Madrid,,,,,0.0,,,,,,,,
,False,Atletico Madrid,,,,,0.0,,,,,,,,
,False,Atletico Madrid,,,,,0.0,,,,,,,,
,False,Atletico Madrid,,,,,0.0,,,,,,,,
,False,Atletico Madrid,,,,,0.0,,,,,,,,
,False,Atletico Madrid,,,,,0.0,,,,,,,,
,False,Atletico Madrid,,,,,0.0,,,,,,,,
,False,Atletico Madrid,,,,,0.0,,,,,,,,
,False,Atletico Madrid,,,,,0.0,,,,,,,,
,False,Atletico Madrid,,,,,0.0,,,,,,,,
,False,Atletico Madrid,,,,,0.0,,,,,,,,
,False,Atletico Madrid,,,,,0.0,,,,,,,,
,False,Atletico Madrid,,,,,0.0,,,,,,,,
,False,Atletico Madrid,,,,,0.0,,,,,,,,
,False,Atletico Madrid,,,,,0.0,,,,,,,,
,False,Atletico Madrid,,,,,0.0,,,,,,,,
,False,Atletico Madrid,,,,,0.0,,,,,,,,
,False,Atletico Madrid,,,,,0.0,,,,,,,,
,False,Atletico Madrid,,,,,0.0,,,,,,,,
,False,Atletico Madrid,,,,,0.0,,,,,,,,
,False,Atletico Madrid,,,,,0.0,,,,,,,,
,False,Atletico Madrid,,,,,0.0,,,,,,,,
,False,Atletico Madrid,,,,,0.0,,,,,,,,
,False,Atletico Madrid,,,,,0.0,,,,,,,,
,False,Atletico Madrid,,,,,0.0,,,,,,,,
,False,Atletico Madrid,,,,,0.0,,,,,,,,
,False,Atletico Madrid,,,,,0.0,,,,,,,,
,False,Atletico Madrid,,,,,4.0,,,,,,,,
,False,Atletico Madrid,,,,,0.0,,,,,,,,
,False,Atletico Madrid,,,,,0.0,,,,,,,,
,False,Atletico Madrid,,,,,0.0,,,,,,,,
,False,Atletico Madrid,,,,,0.0,,,,,,,,
,False,Atletico Madrid,,,,,0.0,,,,,,,,
,False,Atletico Madrid,,,,,0.0,,,,,,,,
,False,Atletico Madrid,,,,,0.0,,,,,,,,
,False,Atletico Madrid,,,,,0.0,,,,,,,,
,False,Atletico Madrid,,,,,0.0,,,,,,,,
,False,Atletico Madrid,,,,,0.0,,,,,,,,
,False,Atletico Madrid,,,,,0.0,,,,,,,,
,False,Atletico Madrid,,,,,0.0,,,,,,,,
,True,Atletico Madrid,,,,,0.0,,,,,,,,
,False,Thời tiết Hà Nội ngày mai,,,,,,28.0,,,,,,,
,False,Thời tiết Hà Nội ngày mai,,,,,,0.0,,,,,,,
,False,Thời tiết Hà Nội ngày mai,,,,,,29.0,,,,,,,
,False,Thời tiết Hà Nội ngày mai,,,,,,0.0,,,,,,,
,False,Thời tiết Hà Nội ngày mai,,,,,,0.0,,,,,,,
,False,Thời tiết Hà Nội ngày mai,,,,,,39.0,,,,,,,
,False,Thời tiết Hà Nội ngày mai,,,,,,42.0,,,,,,,
,False,Thời tiết Hà Nội ngày mai,,,,,,41.0,,,,,,,
,False,Thời tiết Hà Nội ngày mai,,,,,,0.0,,,,,,,
,False,Thời tiết Hà Nội ngày mai,,,,,,0.0,,,,,,,
,False,Thời tiết Hà Nội ngày mai,,,,,,0.0,,,,,,,
,False,Thời tiết Hà Nội ngày mai,,,,,,0.0,,,,,,,
,False,Thời tiết Hà Nội ngày mai,,,,,,0.0,,,,,,,
,False,Thời tiết Hà Nội ngày mai,,,,,,100.0,,,,,,,
,False,Thời tiết Hà Nội ngày mai,,,,,,0.0,,,,,,,
,False,Thời tiết Hà Nội ngày mai,,,,,,0.0,,,,,,,
,False,Thời tiết Hà Nội ngày mai,,,,,,0.0,,,,,,,
,False,Thời tiết Hà Nội ngày mai,,,,,,0.0,,,,,,,
,False,Thời tiết Hà Nội ngày mai,,,,,,0.0,,,,,,,
,False,Thời tiết Hà Nội ngày mai,,,,,,0.0,,,,,,,
,False,Thời tiết Hà Nội ngày mai,,,,,,0.0,,,,,,,
,False,Thời tiết Hà Nội ngày mai,,,,,,0.0,,,,,,,
,False,Thời tiết Hà Nội ngày mai,,,,,,0.0,,,,,,,
,False,Thời tiết Hà Nội ngày mai,,,,,,0.0,,,,,,,
,False,Thời tiết Hà Nội ngày mai,,,,,,0.0,,,,,,,
,False,Thời tiết Hà Nội ngày mai,,,,,,0.0,,,,,,,
,False,Thời tiết Hà Nội ngày mai,,,,,,0.0,,,,,,,
,False,Thời tiết Hà Nội ngày mai,,,,,,0.0,,,,,,,
,False,Thời tiết Hà Nội ngày mai,,,,,,0.0,,,,,,,
,False,Thời tiết Hà Nội ngày mai,,,,,,0.0,,,,,,,
,False,Thời tiết Hà Nội ngày mai,,,,,,0.0,,,,,,,
,False,Thời tiết Hà Nội ngày mai,,,,,,0.0,,,,,,,
,False,Thời tiết Hà Nội ngày mai,,,,,,0.0,,,,,,,
,False,Thời tiết Hà Nội ngày mai,,,,,,0.0,,,,,,,
,False,Thời tiết Hà Nội ngày mai,,,,,,0.0,,,,,,,
,False,Thời tiết Hà Nội ngày mai,,,,,,0.0,,,,,,,
,False,Thời tiết Hà Nội ngày mai,,,,,,0.0,,,,,,,
,False,Thời tiết Hà Nội ngày mai,,,,,,0.0,,,,,,,
,False,Thời tiết Hà Nội ngày mai,,,,,,0.0,,,,,,,
,False,Thời tiết Hà Nội ngày mai,,,,,,0.0,,,,,,,
,False,Thời tiết Hà Nội ngày mai,,,,,,0.0,,,,,,,
,False,Thời tiết Hà Nội ngày mai,,,,,,0.0,,,,,,,
,False,Thời tiết Hà Nội ngày mai,,,,,,0.0,,,,,,,
,False,Thời tiết Hà Nội ngày mai,,,,,,0.0,,,,,,,
,False,Thời tiết Hà Nội ngày mai,,,,,,0.0,,,,,,,
,False,Thời tiết Hà Nội ngày mai,,,,,,0.0,,,,,,,
,False,Thời tiết Hà Nội ngày mai,,,,,,0.0,,,,,,,
,False,Thời tiết Hà Nội ngày mai,,,,,,0.0,,,,,,,
,False,Thời tiết Hà Nội ngày mai,,,,,,0.0,,,,,,,
,False,Thời tiết Hà Nội ngày mai,,,,,,0.0,,,,,,,
,False,Thời tiết Hà Nội ngày mai,,,,,,0.0,,,,,,,
,False,Thời tiết Hà Nội ngày mai,,,,,,0.0,,,,,,,
,False,Thời tiết Hà Nội ngày mai,,,,,,0.0,,,,,,,
,False,Thời tiết Hà Nội ngày mai,,,,,,0.0,,,,,,,
,False,Thời tiết Hà Nội ngày mai,,,,,,0.0,,,,,,,
,False,Thời tiết Hà Nội ngày mai,,,,,,0.0,,,,,,,
,False,Thời tiết Hà Nội ngày mai,,,,,,0.0,,,,,,,
,False,Thời tiết Hà Nội ngày mai,,,,,,0.0,,,,,,,
,False,Thời tiết Hà Nội ngày mai,,,,,,0.0,,,,,,,
,False,Thời tiết Hà Nội ngày mai,,,,,,0.0,,,,,,,
,False,Thời tiết Hà Nội ngày mai,,,,,,0.0,,,,,,,
,False,Thời tiết Hà Nội ngày mai,,,,,,0.0,,,,,,,
,False,Thời tiết Hà Nội ngày mai,,,,,,0.0,,,,,,,
,False,Thời tiết Hà Nội ngày mai,,,,,,0.0,,,,,,,
,False,Thời tiết Hà Nội ngày mai,,,,,,0.0,,,,,,,
,False,Thời tiết Hà Nội ngày mai,,,,,,0.0,,,,,,,
,False,Thời tiết Hà Nội ngày mai,,,,,,0.0,,,,,,,
,False,Thời tiết Hà Nội ngày mai,,,,,,0.0,,,,,,,
,False,Thời tiết Hà Nội ngày mai,,,,,,0.0,,,,,,,
,False,Thời tiết Hà Nội ngày mai,,,,,,0.0,,,,,,,
,False,Thời tiết Hà Nội ngày mai,,,,,,0.0,,,,,,,
,False,Thời tiết Hà Nội ngày mai,,,,,,0.0,,,,,,,
,False,Thời tiết Hà Nội ngày mai,,,,,,0.0,,,,,,,
,False,Thời tiết Hà Nội ngày mai,,,,,,0.0,,,,,,,
,False,Thời tiết Hà Nội ngày mai,,,,,,0.0,,,,,,,
,False,Thời tiết Hà Nội ngày mai,,,,,,0.0,,,,,,,
,False,Thời tiết Hà Nội ngày mai,,,,,,0.0,,,,,,,
,False,Thời tiết Hà Nội ngày mai,,,,,,0.0,,,,,,,
,False,Thời tiết Hà Nội ngày mai,,,,,,0.0,,,,,,,
,False,Thời tiết Hà Nội ngày mai,,,,,,0.0,,,,,,,
,False,Thời tiết Hà Nội ngày mai,,,,,,0.0,,,,,,,
,False,Thời tiết Hà Nội ngày mai,,,,,,41.0,,,,,,,
,False,Thời tiết Hà Nội ngày mai,,,,,,0.0,,,,,,,
,False,Thời tiết Hà Nội ngày mai,,,,,,0.0,,,,,,,
,False,Thời tiết Hà Nội ngày mai,,,,,,0.0,,,,,,,
,False,Thời tiết Hà Nội ngày mai,,,,,,0.0,,,,,,,
,False,Thời tiết Hà Nội ngày mai,,,,,,30.0,,,,,,,
,False,Thời tiết Hà Nội ngày mai,,,,,,0.0,,,,,,,
,False,Thời tiết Hà Nội ngày mai,,,,,,0.0,,,,,,,
,False,Thời tiết Hà Nội ngày mai,,,,,,0.0,,,,,,,
,False,Thời tiết Hà Nội ngày mai,,,,,,0.0,,,,,,,
,False,Thời tiết Hà Nội ngày mai,,,,,,0.0,,,,,,,
,False,Thời tiết Hà Nội ngày mai,,,,,,0.0,,,,,,,
,False,Thời tiết Hà Nội ngày mai,,,,,,0.0,,,,,,,
,False,Thời tiết Hà Nội ngày mai,,,,,,0.0,,,,,,,
,False,Thời tiết Hà Nội ngày mai,,,,,,0.0,,,,,,,
,False,Thời tiết Hà Nội ngày mai,,,,,,0.0,,,,,,,
,False,Thời tiết Hà Nội ngày mai,,,,,,42.0,,,,,,,
,False,Thời tiết Hà Nội ngày mai,,,,,,0.0,,,,,,,
,False,Thời tiết Hà Nội ngày mai,,,,,,0.0,,,,,,,
,False,Thời tiết Hà Nội ngày mai,,,,,,0.0,,,,,,,
,False,Thời tiết Hà Nội ngày mai,,,,,,0.0,,,,,,,
,False,Thời tiết Hà Nội ngày mai,,,,,,0.0,,,,,,,
,False,Thời tiết Hà Nội ngày mai,,,,,,0.0,,,,,,,
,False,Thời tiết Hà Nội ngày mai,,,,,,0.0,,,,,,,
,False,Thời tiết Hà Nội ngày mai,,,,,,0.0,,,,,,,
,False,Thời tiết Hà Nội ngày mai,,,,,,0.0,,,,,,,
,False,Thời tiết Hà Nội ngày mai,,,,,,0.0,,,,,,,
,False,Thời tiết Hà Nội ngày mai,,,,,,0.0,,,,,,,
,False,Thời tiết Hà Nội ngày mai,,,,,,0.0,,,,,,,
,False,Thời tiết Hà Nội ngày mai,,,,,,0.0,,,,,,,
,False,Thời tiết Hà Nội ngày mai,,,,,,0.0,,,,,,,
,False,Thời tiết Hà Nội ngày mai,,,,,,0.0,,,,,,,
,False,Thời tiết Hà Nội ngày mai,,,,,,0.0,,,,,,,
,False,Thời tiết Hà Nội ngày mai,,,,,,0.0,,,,,,,
,False,Thời tiết Hà Nội ngày mai,,,,,,0.0,,,,,,,
,False,Thời tiết Hà Nội ngày mai,,,,,,0.0,,,,,,,
,False,Thời tiết Hà Nội ngày mai,,,,,,0.0,,,,,,,
,False,Thời tiết Hà Nội ngày mai,,,,,,0.0,,,,,,,
,False,Thời tiết Hà Nội ngày mai,,,,,,0.0,,,,,,,
,False,Thời tiết Hà Nội ngày mai,,,,,,0.0,,,,,,,
,False,Thời tiết Hà Nội ngày mai,,,,,,38.0,,,,,,,
,False,Thời tiết Hà Nội ngày mai,,,,,,0.0,,,,,,,
,False,Thời tiết Hà Nội ngày mai,,,,,,0.0,,,,,,,
,False,Thời tiết Hà Nội ngày mai,,,,,,0.0,,,,,,,
,False,Thời tiết Hà Nội ngày mai,,,,,,0.0,,,,,,,
,False,Thời tiết Hà Nội ngày mai,,,,,,0.0,,,,,,,
,False,Thời tiết Hà Nội ngày mai,,,,,,0.0,,,,,,,
,False,Thời tiết Hà Nội ngày mai,,,,,,0.0,,,,,,,
,False,Thời tiết Hà Nội ngày mai,,,,,,0.0,,,,,,,
,False,Thời tiết Hà Nội ngày mai,,,,,,0.0,,,,,,,
,False,Thời tiết Hà Nội ngày mai,,,,,,0.0,,,,,,,
,False,Thời tiết Hà Nội ngày mai,,,,,,0.0,,,,,,,
,False,Thời tiết Hà Nội ngày mai,,,,,,0.0,,,,,,,
,False,Thời tiết Hà Nội ngày mai,,,,,,0.0,,,,,,,
,False,Thời tiết Hà Nội ngày mai,,,,,,0.0,,,,,,,
,False,Thời tiết Hà Nội ngày mai,,,,,,0.0,,,,,,,
,False,Thời tiết Hà Nội ngày mai,,,,,,0.0,,,,,,,
,False,Thời tiết Hà Nội ngày mai,,,,,,0.0,,,,,,,
,False,Thời tiết Hà Nội ngày mai,,,,,,0.0,,,,,,,
,False,Thời tiết Hà Nội ngày mai,,,,,,0.0,,,,,,,
,False,Thời tiết Hà Nội ngày mai,,,,,,0.0,,,,,,,
,False,Thời tiết Hà Nội ngày mai,,,,,,0.0,,,,,,,
,False,Thời tiết Hà Nội ngày mai,,,,,,0.0,,,,,,,
,False,Thời tiết Hà Nội ngày mai,,,,,,0.0,,,,,,,
,False,Thời tiết Hà Nội ngày mai,,,,,,0.0,,,,,,,
,False,Thời tiết Hà Nội ngày mai,,,,,,28.0,,,,,,,
,False,Thời tiết Hà Nội ngày mai,,,,,,0.0,,,,,,,
,False,Thời tiết Hà Nội ngày mai,,,,,,37.0,,,,,,,
,False,Thời tiết Hà Nội ngày mai,,,,,,0.0,,,,,,,
,False,Thời tiết Hà Nội ngày mai,,,,,,0.0,,,,,,,
,False,Thời tiết Hà Nội ngày mai,,,,,,0.0,,,,,,,
,False,Thời tiết Hà Nội ngày mai,,,,,,0.0,,,,,,,
,False,Thời tiết Hà Nội ngày mai,,,,,,0.0,,,,,,,
,False,Thời tiết Hà Nội ngày mai,,,,,,26.0,,,,,,,
,False,Thời tiết Hà Nội ngày mai,,,,,,0.0,,,,,,,
,False,Thời tiết Hà Nội ngày mai,,,,,,0.0,,,,,,,
,False,Thời tiết Hà Nội ngày mai,,,,,,0.0,,,,,,,
,False,Thời tiết Hà Nội ngày mai,,,,,,29.0,,,,,,,
,False,Thời tiết Hà Nội ngày mai,,,,,,0.0,,,,,,,
,False,Thời tiết Hà Nội ngày mai,,,,,,0.0,,,,,,,
,False,Thời tiết Hà Nội ngày mai,,,,,,0.0,,,,,,,
,False,Thời tiết Hà Nội ngày mai,,,,,,38.0,,,,,,,
,False,Thời tiết Hà Nội ngày mai,,,,,,32.0,,,,,,,
,False,Thời tiết Hà Nội ngày mai,,,,,,33.0,,,,,,,
,False,Thời tiết Hà Nội ngày mai,,,,,,0.0,,,,,,,
,False,Thời tiết Hà Nội ngày mai,,,,,,33.0,,,,,,,
,False,Thời tiết Hà Nội ngày mai,,,,,,29.0,,,,,,,
,False,Thời tiết Hà Nội ngày mai,,,,,,28.0,,,,,,,
,False,Thời tiết Hà Nội ngày mai,,,,,,0.0,,,,,,,
,False,Thời tiết Hà Nội ngày mai,,,,,,0.0,,,,,,,
,False,Thời tiết Hà Nội ngày mai,,,,,,32.0,,,,,,,
,False,Thời tiết Hà Nội ngày mai,,,,,,27.0,,,,,,,
,False,Thời tiết Hà Nội ngày mai,,,,,,32.0,,,,,,,
,False,Thời tiết Hà Nội ngày mai,,,,,,0.0,,,,,,,
,False,Thời tiết Hà Nội ngày mai,,,,,,25.0,,,,,,,
,False,Thời tiết Hà Nội ngày mai,,,,,,32.0,,,,,,,
,False,Thời tiết Hà Nội ngày mai,,,,,,26.0,,,,,,,
,False,Thời tiết Hà Nội ngày mai,,,,,,0.0,,,,,,,
,False,Thời tiết Hà Nội ngày mai,,,,,,40.0,,,,,,,
,True,Thời tiết Hà Nội ngày mai,,,,,,0.0,,,,,,,
,False,Shark Thủy,,,,,,,0.0,,,,,,
,False,Shark Thủy,,,,,,,0.0,,,,,,
,False,Shark Thủy,,,,,,,0.0,,,,,,
,False,Shark Thủy,,,,,,,0.0,,,,,,
,False,Shark Thủy,,,,,,,0.0,,,,,,
,False,Shark Thủy,,,,,,,0.0,,,,,,
,False,Shark Thủy,,,,,,,0.0,,,,,,
,False,Shark Thủy,,,,,,,0.0,,,,,,
,False,Shark Thủy,,,,,,,0.0,,,,,,
,False,Shark Thủy,,,,,,,0.0,,,,,,
,False,Shark Thủy,,,,,,,0.0,,,,,,
,False,Shark Thủy,,,,,,,0.0,,,,,,
,False,Shark Thủy,,,,,,,0.0,,,,,,
,False,Shark Thủy,,,,,,,0.0,,,,,,
,False,Shark Thủy,,,,,,,0.0,,,,,,
,False,Shark Thủy,,,,,,,0.0,,,,,,
,False,Shark Thủy,,,,,,,0.0,,,,,,
,False,Shark Thủy,,,,,,,0.0,,,,,,
,False,Shark Thủy,,,,,,,0.0,,,,,,
,False,Shark Thủy,,,,,,,0.0,,,,,,
,False,Shark Thủy,,,,,,,0.0,,,,,,
,False,Shark Thủy,,,,,,,0.0,,,,,,
,False,Shark Thủy,,,,,,,0.0,,,,,,
,False,Shark Thủy,,,,,,,0.0,,,,,,
,False,Shark Thủy,,,,,,,0.0,,,,,,
,False,Shark Thủy,,,,,,,0.0,,,,,,
,False,Shark Thủy,,,,,,,0.0,,,,,,
,False,Shark Thủy,,,,,,,0.0,,,,,,
,False,Shark Thủy,,,,,,,0.0,,,,,,
,False,Shark Thủy,,,,,,,0.0,,,,,,
,False,Shark Thủy,,,,,,,0.0,,,,,,
,False,Shark Thủy,,,,,,,0.0,,,,,,
,False,Shark Thủy,,,,,,,0.0,,,,,,
,False,Shark Thủy,,,,,,,0.0,,,,,,
,False,Shark Thủy,,,,,,,0.0,,,,,,
,False,Shark Thủy,,,,,,,0.0,,,,,,
,False,Shark Thủy,,,,,,,0.0,,,,,,
,False,Shark Thủy,,,,,,,0.0,,,,,,
,False,Shark Thủy,,,,,,,0.0,,,,,,
,False,Shark Thủy,,,,,,,0.0,,,,,,
,False,Shark Thủy,,,,,,,0.0,,,,,,
,False,Shark Thủy,,,,,,,0.0,,,,,,
,False,Shark Thủy,,,,,,,0.0,,,,,,
,False,Shark Thủy,,,,,,,0.0,,,,,,
,False,Shark Thủy,,,,,,,0.0,,,,,,
,False,Shark Thủy,,,,,,,0.0,,,,,,
,False,Shark Thủy,,,,,,,0.0,,,,,,
,False,Shark Thủy,,,,,,,0.0,,,,,,
,False,Shark Thủy,,,,,,,0.0,,,,,,
,False,Shark Thủy,,,,,,,0.0,,,,,,
,False,Shark Thủy,,,,,,,0.0,,,,,,
,False,Shark Thủy,,,,,,,0.0,,,,,,
,False,Shark Thủy,,,,,,,0.0,,,,,,
,False,Shark Thủy,,,,,,,0.0,,,,,,
,False,Shark Thủy,,,,,,,0.0,,,,,,
,False,Shark Thủy,,,,,,,0.0,,,,,,
,False,Shark Thủy,,,,,,,0.0,,,,,,
,False,Shark Thủy,,,,,,,0.0,,,,,,
,False,Shark Thủy,,,,,,,0.0,,,,,,
,False,Shark Thủy,,,,,,,0.0,,,,,,
,False,Shark Thủy,,,,,,,0.0,,,,,,
,False,Shark Thủy,,,,,,,0.0,,,,,,
,False,Shark Thủy,,,,,,,0.0,,,,,,
,False,Shark Thủy,,,,,,,0.0,,,,,,
,False,Shark Thủy,,,,,,,0.0,,,,,,
,False,Shark Thủy,,,,,,,0.0,,,,,,
,False,Shark Thủy,,,,,,,0.0,,,,,,
,False,Shark Thủy,,,,,,,0.0,,,,,,
,False,Shark Thủy,,,,,,,0.0,,,,,,
,False,Shark Thủy,,,,,,,0.0,,,,,,
,False,Shark Thủy,,,,,,,100.0,,,,,,
,False,Shark Thủy,,,,,,,0.0,,,,,,
,False,Shark Thủy,,,,,,,0.0,,,,,,
,False,Shark Thủy,,,,,,,0.0,,,,,,
,False,Shark Thủy,,,,,,,0.0,,,,,,
,False,Shark Thủy,,,,,,,0.0,,,,,,
,False,Shark Thủy,,,,,,,0.0,,,,,,
,False,Shark Thủy,,,,,,,0.0,,,,,,
,False,Shark Thủy,,,,,,,0.0,,,,,,
,False,Shark Thủy,,,,,,,0.0,,,,,,
,False,Shark Thủy,,,,,,,0.0,,,,,,
,False,Shark Thủy,,,,,,,0.0,,,,,,
,False,Shark Thủy,,,,,,,0.0,,,,,,
,False,Shark Thủy,,,,,,,0.0,,,,,,
,False,Shark Thủy,,,,,,,0.0,,,,,,
,False,Shark Thủy,,,,,,,0.0,,,,,,
,False,Shark Thủy,,,,,,,0.0,,,,,,
,False,Shark Thủy,,,,,,,0.0,,,,,,
,False,Shark Thủy,,,,,,,0.0,,,,,,
,False,Shark Thủy,,,,,,,0.0,,,,,,
,False,Shark Thủy,,,,,,,0.0,,,,,,
,False,Shark Thủy,,,,,,,0.0,,,,,,
,False,Shark Thủy,,,,,,,0.0,,,,,,
,False,Shark Thủy,,,,,,,0.0,,,,,,
,False,Shark Thủy,,,,,,,0.0,,,,,,
,False,Shark Thủy,,,,,,,0.0,,,,,,
,False,Shark Thủy,,,,,,,0.0,,,,,,
,False,Shark Thủy,,,,,,,0.0,,,,,,
,False,Shark Thủy,,,,,,,0.0,,,,,,
,False,Shark Thủy,,,,,,,0.0,,,,,,
,False,Shark Thủy,,,,,,,0.0,,,,,,
,False,Shark Thủy,,,,,,,0.0,,,,,,
,False,Shark Thủy,,,,,,,0.0,,,,,,
,False,Shark Thủy,,,,,,,0.0,,,,,,
,False,Shark Thủy,,,,,,,0.0,,,,,,
,False,Shark Thủy,,,,,,,0.0,,,,,,
,False,Shark Thủy,,,,,,,0.0,,,,,,
,False,Shark Thủy,,,,,,,0.0,,,,,,
,False,Shark Thủy,,,,,,,0.0,,,,,,
,False,Shark Thủy,,,,,,,0.0,,,,,,
,False,Shark Thủy,,,,,,,0.0,,,,,,
,False,Shark Thủy,,,,,,,0.0,,,,,,
,False,Shark Thủy,,,,,,,0.0,,,,,,
,False,Shark Thủy,,,,,,,0.0,,,,,,
,False,Shark Thủy,,,,,,,0.0,,,,,,
,False,Shark Thủy,,,,,,,0.0,,,,,,
,False,Shark Thủy,,,,,,,0.0,,,,,,
,False,Shark Thủy,,,,,,,0.0,,,,,,
,False,Shark Thủy,,,,,,,0.0,,,,,,
,False,Shark Thủy,,,,,,,0.0,,,,,,
,False,Shark Thủy,,,,,,,0.0,,,,,,
,False,Shark Thủy,,,,,,,0.0,,,,,,
,False,Shark Thủy,,,,,,,0.0,,,,,,
,False,Shark Thủy,,,,,,,0.0,,,,,,
,False,Shark Thủy,,,,,,,48.0,,,,,,
,False,Shark Thủy,,,,,,,0.0,,,,,,
,False,Shark Thủy,,,,,,,0.0,,,,,,
,False,Shark Thủy,,,,,,,0.0,,,,,,
,False,Shark Thủy,,,,,,,0.0,,,,,,
,False,Shark Thủy,,,,,,,0.0,,,,,,
,False,Shark Thủy,,,,,,,0.0,,,,,,
,False,Shark Thủy,,,,,,,0.0,,,,,,
,False,Shark Thủy,,,,,,,0.0,,,,,,
,False,Shark Thủy,,,,,,,0.0,,,,,,
,False,Shark Thủy,,,,,,,0.0,,,,,,
,False,Shark Thủy,,,,,,,0.0,,,,,,
,False,Shark Thủy,,,,,,,0.0,,,,,,
,False,Shark Thủy,,,,,,,0.0,,,,,,
,False,Shark Thủy,,,,,,,0.0,,,,,,
,False,Shark Thủy,,,,,,,0.0,,,,,,
,False,Shark Thủy,,,,,,,0.0,,,,,,
,False,Shark Thủy,,,,,,,0.0,,,,,,
,False,Shark Thủy,,,,,,,0.0,,,,,,
,False,Shark Thủy,,,,,,,0.0,,,,,,
,False,Shark Thủy,,,,,,,0.0,,,,,,
,False,Shark Thủy,,,,,,,0.0,,,,,,
,False,Shark Thủy,,,,,,,0.0,,,,,,
,False,Shark Thủy,,,,,,,0.0,,,,,,
,False,Shark Thủy,,,,,,,0.0,,,,,,
,False,Shark Thủy,,,,,,,0.0,,,,,,
,False,Shark Thủy,,,,,,,0.0,,,,,,
,False,Shark Thủy,,,,,,,0.0,,,,,,
,False,Shark Thủy,,,,,,,0.0,,,,,,
,False,Shark Thủy,,,,,,,0.0,,,,,,
,False,Shark Thủy,,,,,,,0.0,,,,,,
,False,Shark Thủy,,,,,,,0.0,,,,,,
,False,Shark Thủy,,,,,,,0.0,,,,,,
,False,Shark Thủy,,,,,,,0.0,,,,,,
,False,Shark Thủy,,,,,,,0.0,,,,,,
,False,Shark Thủy,,,,,,,0.0,,,,,,
,False,Shark Thủy,,,,,,,0.0,,,,,,
,False,Shark Thủy,,,,,,,0.0,,,,,,
,False,Shark Thủy,,,,,,,0.0,,,,,,
,False,Shark Thủy,,,,,,,0.0,,,,,,
,False,Shark Thủy,,,,,,,0.0,,,,,,
,False,Shark Thủy,,,,,,,0.0,,,,,,
,False,Shark Thủy,,,,,,,0.0,,,,,,
,False,Shark Thủy,,,,,,,0.0,,,,,,
,False,Shark Thủy,,,,,,,0.0,,,,,,
,False,Shark Thủy,,,,,,,0.0,,,,,,
,False,Shark Thủy,,,,,,,0.0,,,,,,
,False,Shark Thủy,,,,,,,0.0,,,,,,
,False,Shark Thủy,,,,,,,0.0,,,,,,
,False,Shark Thủy,,,,,,,0.0,,,,,,
,False,Shark Thủy,,,,,,,0.0,,,,,,
,False,Shark Thủy,,,,,,,0.0,,,,,,
,False,Shark Thủy,,,,,,,0.0,,,,,,
,False,Shark Thủy,,,,,,,0.0,,,,,,
,False,Shark Thủy,,,,,,,43.0,,,,,,
,False,Shark Thủy,,,,,,,0.0,,,,,,
,True,Shark Thủy,,,,,,,0.0,,,,,,
,False,Chủ tịch nước Lương Cường,,,,,,,,0.0,,,,,
,False,Chủ tịch nước Lương Cường,,,,,,,,0.0,,,,,
,False,Chủ tịch nước Lương Cường,,,,,,,,0.0,,,,,
,False,Chủ tịch nước Lương Cường,,,,,,,,0.0,,,,,
,False,Chủ tịch nước Lương Cường,,,,,,,,0.0,,,,,
,False,Chủ tịch nước Lương Cường,,,,,,,,0.0,,,,,
,False,Chủ tịch nước Lương Cường,,,,,,,,33.0,,,,,
,False,Chủ tịch nước Lương Cường,,,,,,,,0.0,,,,,
,False,Chủ tịch nước Lương Cường,,,,,,,,0.0,,,,,
,False,Chủ tịch nước Lương Cường,,,,,,,,0.0,,,,,
,False,Chủ tịch nước Lương Cường,,,,,,,,0.0,,,,,
,False,Chủ tịch nước Lương Cường,,,,,,,,0.0,,,,,
,False,Chủ tịch nước Lương Cường,,,,,,,,0.0,,,,,
,False,Chủ tịch nước Lương Cường,,,,,,,,0.0,,,,,
,False,Chủ tịch nước Lương Cường,,,,,,,,0.0,,,,,
,False,Chủ tịch nước Lương Cường,,,,,,,,0.0,,,,,
,False,Chủ tịch nước Lương Cường,,,,,,,,0.0,,,,,
,False,Chủ tịch nước Lương Cường,,,,,,,,0.0,,,,,
,False,Chủ tịch nước Lương Cường,,,,,,,,0.0,,,,,
,False,Chủ tịch nước Lương Cường,,,,,,,,0.0,,,,,
,False,Chủ tịch nước Lương Cường,,,,,,,,0.0,,,,,
,False,Chủ tịch nước Lương Cường,,,,,,,,0.0,,,,,
,False,Chủ tịch nước Lương Cường,,,,,,,,0.0,,,,,
,False,Chủ tịch nước Lương Cường,,,,,,,,100.0,,,,,
,False,Chủ tịch nước Lương Cường,,,,,,,,0.0,,,,,
,False,Chủ tịch nước Lương Cường,,,,,,,,0.0,,,,,
,False,Chủ tịch nước Lương Cường,,,,,,,,0.0,,,,,
,False,Chủ tịch nước Lương Cường,,,,,,,,0.0,,,,,
,False,Chủ tịch nước Lương Cường,,,,,,,,0.0,,,,,
,False,Chủ tịch nước Lương Cường,,,,,,,,0.0,,,,,
,False,Chủ tịch nước Lương Cường,,,,,,,,0.0,,,,,
,False,Chủ tịch nước Lương Cường,,,,,,,,0.0,,,,,
,False,Chủ tịch nước Lương Cường,,,,,,,,0.0,,,,,
,False,Chủ tịch nước Lương Cường,,,,,,,,0.0,,,,,
,False,Chủ tịch nước Lương Cường,,,,,,,,0.0,,,,,
,False,Chủ tịch nước Lương Cường,,,,,,,,0.0,,,,,
,False,Chủ tịch nước Lương Cường,,,,,,,,0.0,,,,,
,False,Chủ tịch nước Lương Cường,,,,,,,,0.0,,,,,
,False,Chủ tịch nước Lương Cường,,,,,,,,0.0,,,,,
,False,Chủ tịch nước Lương Cường,,,,,,,,0.0,,,,,
,False,Chủ tịch nước Lương Cường,,,,,,,,0.0,,,,,
,False,Chủ tịch nước Lương Cường,,,,,,,,0.0,,,,,
,False,Chủ tịch nước Lương Cường,,,,,,,,0.0,,,,,
,False,Chủ tịch nước Lương Cường,,,,,,,,0.0,,,,,
,False,Chủ tịch nước Lương Cường,,,,,,,,0.0,,,,,
,False,Chủ tịch nước Lương Cường,,,,,,,,0.0,,,,,
,False,Chủ tịch nước Lương Cường,,,,,,,,0.0,,,,,
,False,Chủ tịch nước Lương Cường,,,,,,,,0.0,,,,,
,False,Chủ tịch nước Lương Cường,,,,,,,,0.0,,,,,
,False,Chủ tịch nước Lương Cường,,,,,,,,0.0,,,,,
,False,Chủ tịch nước Lương Cường,,,,,,,,0.0,,,,,
,False,Chủ tịch nước Lương Cường,,,,,,,,0.0,,,,,
,False,Chủ tịch nước Lương Cường,,,,,,,,0.0,,,,,
,False,Chủ tịch nước Lương Cường,,,,,,,,0.0,,,,,
,False,Chủ tịch nước Lương Cường,,,,,,,,0.0,,,,,
,False,Chủ tịch nước Lương Cường,,,,,,,,0.0,,,,,
,False,Chủ tịch nước Lương Cường,,,,,,,,0.0,,,,,
,False,Chủ tịch nước Lương Cường,,,,,,,,0.0,,,,,
,False,Chủ tịch nước Lương Cường,,,,,,,,0.0,,,,,
,False,Chủ tịch nước Lương Cường,,,,,,,,0.0,,,,,
,False,Chủ tịch nước Lương Cường,,,,,,,,0.0,,,,,
,False,Chủ tịch nước Lương Cường,,,,,,,,0.0,,,,,
,False,Chủ tịch nước Lương Cường,,,,,,,,0.0,,,,,
,False,Chủ tịch nước Lương Cường,,,,,,,,0.0,,,,,
,False,Chủ tịch nước Lương Cường,,,,,,,,0.0,,,,,
,False,Chủ tịch nước Lương Cường,,,,,,,,0.0,,,,,
,False,Chủ tịch nước Lương Cường,,,,,,,,0.0,,,,,
,False,Chủ tịch nước Lương Cường,,,,,,,,0.0,,,,,
,False,Chủ tịch nước Lương Cường,,,,,,,,0.0,,,,,
,False,Chủ tịch nước Lương Cường,,,,,,,,0.0,,,,,
,False,Chủ tịch nước Lương Cường,,,,,,,,0.0,,,,,
,False,Chủ tịch nước Lương Cường,,,,,,,,0.0,,,,,
,False,Chủ tịch nước Lương Cường,,,,,,,,0.0,,,,,
,False,Chủ tịch nước Lương Cường,,,,,,,,0.0,,,,,
,False,Chủ tịch nước Lương Cường,,,,,,,,0.0,,,,,
,False,Chủ tịch nước Lương Cường,,,,,,,,0.0,,,,,
,False,Chủ tịch nước Lương Cường,,,,,,,,47.0,,,,,
,False,Chủ tịch nước Lương Cường,,,,,,,,0.0,,,,,
,False,Chủ tịch nước Lương Cường,,,,,,,,0.0,,,,,
,False,Chủ tịch nước Lương Cường,,,,,,,,0.0,,,,,
,False,Chủ tịch nước Lương Cường,,,,,,,,39.0,,,,,
,False,Chủ tịch nước Lương Cường,,,,,,,,0.0,,,,,
,False,Chủ tịch nước Lương Cường,,,,,,,,0.0,,,,,
,False,Chủ tịch nước Lương Cường,,,,,,,,0.0,,,,,
,False,Chủ tịch nước Lương Cường,,,,,,,,0.0,,,,,
,False,Chủ tịch nước Lương Cường,,,,,,,,0.0,,,,,
,False,Chủ tịch nước Lương Cường,,,,,,,,0.0,,,,,
,False,Chủ tịch nước Lương Cường,,,,,,,,0.0,,,,,
,False,Chủ tịch nước Lương Cường,,,,,,,,0.0,,,,,
,False,Chủ tịch nước Lương Cường,,,,,,,,0.0,,,,,
,False,Chủ tịch nước Lương Cường,,,,,,,,0.0,,,,,
,False,Chủ tịch nước Lương Cường,,,,,,,,0.0,,,,,
,False,Chủ tịch nước Lương Cường,,,,,,,,0.0,,,,,
,False,Chủ tịch nước Lương Cường,,,,,,,,33.0,,,,,
,False,Chủ tịch nước Lương Cường,,,,,,,,0.0,,,,,
,False,Chủ tịch nước Lương Cường,,,,,,,,0.0,,,,,
,False,Chủ tịch nước Lương Cường,,,,,,,,0.0,,,,,
,False,Chủ tịch nước Lương Cường,,,,,,,,0.0,,,,,
,False,Chủ tịch nước Lương Cường,,,,,,,,0.0,,,,,
,False,Chủ tịch nước Lương Cường,,,,,,,,0.0,,,,,
,False,Chủ tịch nước Lương Cường,,,,,,,,0.0,,,,,
,False,Chủ tịch nước Lương Cường,,,,,,,,31.0,,,,,
,False,Chủ tịch nước Lương Cường,,,,,,,,0.0,,,,,
,False,Chủ tịch nước Lương Cường,,,,,,,,0.0,,,,,
,False,Chủ tịch nước Lương Cường,,,,,,,,0.0,,,,,
,False,Chủ tịch nước Lương Cường,,,,,,,,0.0,,,,,
,False,Chủ tịch nước Lương Cường,,,,,,,,0.0,,,,,
,False,Chủ tịch nước Lương Cường,,,,,,,,40.0,,,,,
,False,Chủ tịch nước Lương Cường,,,,,,,,0.0,,,,,
,False,Chủ tịch nước Lương Cường,,,,,,,,38.0,,,,,
,False,Chủ tịch nước Lương Cường,,,,,,,,0.0,,,,,
,False,Chủ tịch nước Lương Cường,,,,,,,,0.0,,,,,
,False,Chủ tịch nước Lương Cường,,,,,,,,0.0,,,,,
,False,Chủ tịch nước Lương Cường,,,,,,,,0.0,,,,,
,False,Chủ tịch nước Lương Cường,,,,,,,,0.0,,,,,
,False,Chủ tịch nước Lương Cường,,,,,,,,0.0,,,,,
,False,Chủ tịch nước Lương Cường,,,,,,,,0.0,,,,,
,False,Chủ tịch nước Lương Cường,,,,,,,,0.0,,,,,
,False,Chủ tịch nước Lương Cường,,,,,,,,0.0,,,,,
,False,Chủ tịch nước Lương Cường,,,,,,,,0.0,,,,,
,False,Chủ tịch nước Lương Cường,,,,,,,,0.0,,,,,
,False,Chủ tịch nước Lương Cường,,,,,,,,0.0,,,,,
,False,Chủ tịch nước Lương Cường,,,,,,,,0.0,,,,,
,False,Chủ tịch nước Lương Cường,,,,,,,,0.0,,,,,
,False,Chủ tịch nước Lương Cường,,,,,,,,0.0,,,,,
,False,Chủ tịch nước Lương Cường,,,,,,,,0.0,,,,,
,False,Chủ tịch nước Lương Cường,,,,,,,,0.0,,,,,
,False,Chủ tịch nước Lương Cường,,,,,,,,0.0,,,,,
,False,Chủ tịch nước Lương Cường,,,,,,,,0.0,,,,,
,False,Chủ tịch nước Lương Cường,,,,,,,,0.0,,,,,
,False,Chủ tịch nước Lương Cường,,,,,,,,0.0,,,,,
,False,Chủ tịch nước Lương Cường,,,,,,,,0.0,,,,,
,False,Chủ tịch nước Lương Cường,,,,,,,,0.0,,,,,
,False,Chủ tịch nước Lương Cường,,,,,,,,0.0,,,,,
,False,Chủ tịch nước Lương Cường,,,,,,,,0.0,,,,,
,False,Chủ tịch nước Lương Cường,,,,,,,,29.0,,,,,
,False,Chủ tịch nước Lương Cường,,,,,,,,35.0,,,,,
,False,Chủ tịch nước Lương Cường,,,,,,,,23.0,,,,,
,False,Chủ tịch nước Lương Cường,,,,,,,,0.0,,,,,
,False,Chủ tịch nước Lương Cường,,,,,,,,23.0,,,,,
,False,Chủ tịch nước Lương Cường,,,,,,,,0.0,,,,,
,False,Chủ tịch nước Lương Cường,,,,,,,,28.0,,,,,
,False,Chủ tịch nước Lương Cường,,,,,,,,0.0,,,,,
,False,Chủ tịch nước Lương Cường,,,,,,,,0.0,,,,,
,False,Chủ tịch nước Lương Cường,,,,,,,,0.0,,,,,
,False,Chủ tịch nước Lương Cường,,,,,,,,0.0,,,,,
,False,Chủ tịch nước Lương Cường,,,,,,,,0.0,,,,,
,False,Chủ tịch nước Lương Cường,,,,,,,,28.0,,,,,
,False,Chủ tịch nước Lương Cường,,,,,,,,0.0,,,,,
,False,Chủ tịch nước Lương Cường,,,,,,,,0.0,,,,,
,False,Chủ tịch nước Lương Cường,,,,,,,,0.0,,,,,
,False,Chủ tịch nước Lương Cường,,,,,,,,0.0,,,,,
,False,Chủ tịch nước Lương Cường,,,,,,,,0.0,,,,,
,False,Chủ tịch nước Lương Cường,,,,,,,,0.0,,,,,
,False,Chủ tịch nước Lương Cường,,,,,,,,0.0,,,,,
,False,Chủ tịch nước Lương Cường,,,,,,,,0.0,,,,,
,False,Chủ tịch nước Lương Cường,,,,,,,,0.0,,,,,
,False,Chủ tịch nước Lương Cường,,,,,,,,0.0,,,,,
,False,Chủ tịch nước Lương Cường,,,,,,,,31.0,,,,,
,False,Chủ tịch nước Lương Cường,,,,,,,,30.0,,,,,
,False,Chủ tịch nước Lương Cường,,,,,,,,0.0,,,,,
,False,Chủ tịch nước Lương Cường,,,,,,,,0.0,,,,,
,False,Chủ tịch nước Lương Cường,,,,,,,,0.0,,,,,
,False,Chủ tịch nước Lương Cường,,,,,,,,0.0,,,,,
,False,Chủ tịch nước Lương Cường,,,,,,,,0.0,,,,,
,False,Chủ tịch nước Lương Cường,,,,,,,,0.0,,,,,
,False,Chủ tịch nước Lương Cường,,,,,,,,0.0,,,,,
,False,Chủ tịch nước Lương Cường,,,,,,,,0.0,,,,,
,False,Chủ tịch nước Lương Cường,,,,,,,,0.0,,,,,
,False,Chủ tịch nước Lương Cường,,,,,,,,31.0,,,,,
,False,Chủ tịch nước Lương Cường,,,,,,,,25.0,,,,,
,False,Chủ tịch nước Lương Cường,,,,,,,,0.0,,,,,
,False,Chủ tịch nước Lương Cường,,,,,,,,0.0,,,,,
,False,Chủ tịch nước Lương Cường,,,,,,,,0.0,,,,,
,False,Chủ tịch nước Lương Cường,,,,,,,,0.0,,,,,
,False,Chủ tịch nước Lương Cường,,,,,,,,0.0,,,,,
,False,Chủ tịch nước Lương Cường,,,,,,,,0.0,,,,,
,False,Chủ tịch nước Lương Cường,,,,,,,,33.0,,,,,
,False,Chủ tịch nước Lương Cường,,,,,,,,0.0,,,,,
,False,Chủ tịch nước Lương Cường,,,,,,,,0.0,,,,,
,True,Chủ tịch nước Lương Cường,,,,,,,,0.0,,,,,
,False,Phạm Minh Chính,,,,,,,,,0.0,,,,
,False,Phạm Minh Chính,,,,,,,,,0.0,,,,
,False,Phạm Minh Chính,,,,,,,,,0.0,,,,
,False,Phạm Minh Chính,,,,,,,,,0.0,,,,
,False,Phạm Minh Chính,,,,,,,,,0.0,,,,
,False,Phạm Minh Chính,,,,,,,,,0.0,,,,
,False,Phạm Minh Chính,,,,,,,,,0.0,,,,
,False,Phạm Minh Chính,,,,,,,,,0.0,,,,
,False,Phạm Minh Chính,,,,,,,,,0.0,,,,
,False,Phạm Minh Chính,,,,,,,,,0.0,,,,
,False,Phạm Minh Chính,,,,,,,,,0.0,,,,
,False,Phạm Minh Chính,,,,,,,,,100.0,,,,
,False,Phạm Minh Chính,,,,,,,,,0.0,,,,
,False,Phạm Minh Chính,,,,,,,,,0.0,,,,
,False,Phạm Minh Chính,,,,,,,,,0.0,,,,
,False,Phạm Minh Chính,,,,,,,,,0.0,,,,
,False,Phạm Minh Chính,,,,,,,,,0.0,,,,
,False,Phạm Minh Chính,,,,,,,,,0.0,,,,
,False,Phạm Minh Chính,,,,,,,,,0.0,,,,
,False,Phạm Minh Chính,,,,,,,,,0.0,,,,
,False,Phạm Minh Chính,,,,,,,,,0.0,,,,
,False,Phạm Minh Chính,,,,,,,,,0.0,,,,
,False,Phạm Minh Chính,,,,,,,,,0.0,,,,
,False,Phạm Minh Chính,,,,,,,,,0.0,,,,
,False,Phạm Minh Chính,,,,,,,,,0.0,,,,
,False,Phạm Minh Chính,,,,,,,,,0.0,,,,
,False,Phạm Minh Chính,,,,,,,,,0.0,,,,
,False,Phạm Minh Chính,,,,,,,,,0.0,,,,
,False,Phạm Minh Chính,,,,,,,,,0.0,,,,
,False,Phạm Minh Chính,,,,,,,,,0.0,,,,
,False,Phạm Minh Chính,,,,,,,,,0.0,,,,
,False,Phạm Minh Chính,,,,,,,,,0.0,,,,
,False,Phạm Minh Chính,,,,,,,,,0.0,,,,
,False,Phạm Minh Chính,,,,,,,,,0.0,,,,
,False,Phạm Minh Chính,,,,,,,,,0.0,,,,
,False,Phạm Minh Chính,,,,,,,,,0.0,,,,
,False,Phạm Minh Chính,,,,,,,,,0.0,,,,
,False,Phạm Minh Chính,,,,,,,,,0.0,,,,
,False,Phạm Minh Chính,,,,,,,,,0.0,,,,
,False,Phạm Minh Chính,,,,,,,,,0.0,,,,
,False,Phạm Minh Chính,,,,,,,,,0.0,,,,
,False,Phạm Minh Chính,,,,,,,,,0.0,,,,
,False,Phạm Minh Chính,,,,,,,,,0.0,,,,
,False,Phạm Minh Chính,,,,,,,,,0.0,,,,
,False,Phạm Minh Chính,,,,,,,,,0.0,,,,
,False,Phạm Minh Chính,,,,,,,,,0.0,,,,
,False,Phạm Minh Chính,,,,,,,,,0.0,,,,
,False,Phạm Minh Chính,,,,,,,,,0.0,,,,
,False,Phạm Minh Chính,,,,,,,,,0.0,,,,
,False,Phạm Minh Chính,,,,,,,,,0.0,,,,
,False,Phạm Minh Chính,,,,,,,,,0.0,,,,
,False,Phạm Minh Chính,,,,,,,,,0.0,,,,
,False,Phạm Minh Chính,,,,,,,,,0.0,,,,
,False,Phạm Minh Chính,,,,,,,,,0.0,,,,
,False,Phạm Minh Chính,,,,,,,,,0.0,,,,
,False,Phạm Minh Chính,,,,,,,,,0.0,,,,
,False,Phạm Minh Chính,,,,,,,,,0.0,,,,
,False,Phạm Minh Chính,,,,,,,,,0.0,,,,
,False,Phạm Minh Chính,,,,,,,,,0.0,,,,
,False,Phạm Minh Chính,,,,,,,,,0.0,,,,
,False,Phạm Minh Chính,,,,,,,,,0.0,,,,
,False,Phạm Minh Chính,,,,,,,,,0.0,,,,
,False,Phạm Minh Chính,,,,,,,,,0.0,,,,
,False,Phạm Minh Chính,,,,,,,,,0.0,,,,
,False,Phạm Minh Chính,,,,,,,,,0.0,,,,
,False,Phạm Minh Chính,,,,,,,,,0.0,,,,
,False,Phạm Minh Chính,,,,,,,,,0.0,,,,
,False,Phạm Minh Chính,,,,,,,,,0.0,,,,
,False,Phạm Minh Chính,,,,,,,,,0.0,,,,
,False,Phạm Minh Chính,,,,,,,,,0.0,,,,
,False,Phạm Minh Chính,,,,,,,,,0.0,,,,
,False,Phạm Minh Chính,,,,,,,,,0.0,,,,
,False,Phạm Minh Chính,,,,,,,,,0.0,,,,
,False,Phạm Minh Chính,,,,,,,,,0.0,,,,
,False,Phạm Minh Chính,,,,,,,,,0.0,,,,
,False,Phạm Minh Chính,,,,,,,,,0.0,,,,
,False,Phạm Minh Chính,,,,,,,,,0.0,,,,
,False,Phạm Minh Chính,,,,,,,,,0.0,,,,
,False,Phạm Minh Chính,,,,,,,,,88.0,,,,
,False,Phạm Minh Chính,,,,,,,,,56.0,,,,
,False,Phạm Minh Chính,,,,,,,,,65.0,,,,
,False,Phạm Minh Chính,,,,,,,,,0.0,,,,
,False,Phạm Minh Chính,,,,,,,,,61.0,,,,
,False,Phạm Minh Chính,,,,,,,,,0.0,,,,
,False,Phạm Minh Chính,,,,,,,,,0.0,,,,
,False,Phạm Minh Chính,,,,,,,,,0.0,,,,
,False,Phạm Minh Chính,,,,,,,,,0.0,,,,
,False,Phạm Minh Chính,,,,,,,,,64.0,,,,
,False,Phạm Minh Chính,,,,,,,,,43.0,,,,
,False,Phạm Minh Chính,,,,,,,,,48.0,,,,
,False,Phạm Minh Chính,,,,,,,,,60.0,,,,
,False,Phạm Minh Chính,,,,,,,,,0.0,,,,
,False,Phạm Minh Chính,,,,,,,,,0.0,,,,
,False,Phạm Minh Chính,,,,,,,,,0.0,,,,
,False,Phạm Minh Chính,,,,,,,,,59.0,,,,
,False,Phạm Minh Chính,,,,,,,,,53.0,,,,
,False,Phạm Minh Chính,,,,,,,,,0.0,,,,
,False,Phạm Minh Chính,,,,,,,,,52.0,,,,
,False,Phạm Minh Chính,,,,,,,,,80.0,,,,
,False,Phạm Minh Chính,,,,,,,,,0.0,,,,
,False,Phạm Minh Chính,,,,,,,,,45.0,,,,
,False,Phạm Minh Chính,,,,,,,,,0.0,,,,
,False,Phạm Minh Chính,,,,,,,,,47.0,,,,
,False,Phạm Minh Chính,,,,,,,,,0.0,,,,
,False,Phạm Minh Chính,,,,,,,,,0.0,,,,
,False,Phạm Minh Chính,,,,,,,,,57.0,,,,
,False,Phạm Minh Chính,,,,,,,,,0.0,,,,
,False,Phạm Minh Chính,,,,,,,,,62.0,,,,
,False,Phạm Minh Chính,,,,,,,,,0.0,,,,
,False,Phạm Minh Chính,,,,,,,,,0.0,,,,
,False,Phạm Minh Chính,,,,,,,,,59.0,,,,
,False,Phạm Minh Chính,,,,,,,,,0.0,,,,
,False,Phạm Minh Chính,,,,,,,,,49.0,,,,
,False,Phạm Minh Chính,,,,,,,,,53.0,,,,
,False,Phạm Minh Chính,,,,,,,,,62.0,,,,
,False,Phạm Minh Chính,,,,,,,,,0.0,,,,
,False,Phạm Minh Chính,,,,,,,,,73.0,,,,
,False,Phạm Minh Chính,,,,,,,,,0.0,,,,
,False,Phạm Minh Chính,,,,,,,,,0.0,,,,
,False,Phạm Minh Chính,,,,,,,,,0.0,,,,
,False,Phạm Minh Chính,,,,,,,,,0.0,,,,
,False,Phạm Minh Chính,,,,,,,,,0.0,,,,
,False,Phạm Minh Chính,,,,,,,,,0.0,,,,
,False,Phạm Minh Chính,,,,,,,,,64.0,,,,
,False,Phạm Minh Chính,,,,,,,,,0.0,,,,
,False,Phạm Minh Chính,,,,,,,,,47.0,,,,
,False,Phạm Minh Chính,,,,,,,,,44.0,,,,
,False,Phạm Minh Chính,,,,,,,,,0.0,,,,
,False,Phạm Minh Chính,,,,,,,,,0.0,,,,
,False,Phạm Minh Chính,,,,,,,,,42.0,,,,
,False,Phạm Minh Chính,,,,,,,,,0.0,,,,
,False,Phạm Minh Chính,,,,,,,,,0.0,,,,
,False,Phạm Minh Chính,,,,,,,,,0.0,,,,
,False,Phạm Minh Chính,,,,,,,,,60.0,,,,
,False,Phạm Minh Chính,,,,,,,,,0.0,,,,
,False,Phạm Minh Chính,,,,,,,,,0.0,,,,
,False,Phạm Minh Chính,,,,,,,,,47.0,,,,
,False,Phạm Minh Chính,,,,,,,,,0.0,,,,
,False,Phạm Minh Chính,,,,,,,,,0.0,,,,
,False,Phạm Minh Chính,,,,,,,,,0.0,,,,
,False,Phạm Minh Chính,,,,,,,,,0.0,,,,
,False,Phạm Minh Chính,,,,,,,,,0.0,,,,
,False,Phạm Minh Chính,,,,,,,,,0.0,,,,
,False,Phạm Minh Chính,,,,,,,,,0.0,,,,
,False,Phạm Minh Chính,,,,,,,,,0.0,,,,
,False,Phạm Minh Chính,,,,,,,,,0.0,,,,
,False,Phạm Minh Chính,,,,,,,,,0.0,,,,
,False,Phạm Minh Chính,,,,,,,,,0.0,,,,
,False,Phạm Minh Chính,,,,,,,,,42.0,,,,
,False,Phạm Minh Chính,,,,,,,,,0.0,,,,
,False,Phạm Minh Chính,,,,,,,,,0.0,,,,
,False,Phạm Minh Chính,,,,,,,,,47.0,,,,
,False,Phạm Minh Chính,,,,,,,,,0.0,,,,
,False,Phạm Minh Chính,,,,,,,,,0.0,,,,
,False,Phạm Minh Chính,,,,,,,,,0.0,,,,
,False,Phạm Minh Chính,,,,,,,,,0.0,,,,
,False,Phạm Minh Chính,,,,,,,,,65.0,,,,
,False,Phạm Minh Chính,,,,,,,,,41.0,,,,
,False,Phạm Minh Chính,,,,,,,,,0.0,,,,
,False,Phạm Minh Chính,,,,,,,,,75.0,,,,
,False,Phạm Minh Chính,,,,,,,,,51.0,,,,
,False,Phạm Minh Chính,,,,,,,,,0.0,,,,
,False,Phạm Minh Chính,,,,,,,,,0.0,,,,
,False,Phạm Minh Chính,,,,,,,,,39.0,,,,
,False,Phạm Minh Chính,,,,,,,,,51.0,,,,
,False,Phạm Minh Chính,,,,,,,,,59.0,,,,
,False,Phạm Minh Chính,,,,,,,,,0.0,,,,
,False,Phạm Minh Chính,,,,,,,,,0.0,,,,
,False,Phạm Minh Chính,,,,,,,,,41.0,,,,
,False,Phạm Minh Chính,,,,,,,,,91.0,,,,
,False,Phạm Minh Chính,,,,,,,,,40.0,,,,
,False,Phạm Minh Chính,,,,,,,,,38.0,,,,
,False,Phạm Minh Chính,,,,,,,,,0.0,,,,
,False,Phạm Minh Chính,,,,,,,,,0.0,,,,
,False,Phạm Minh Chính,,,,,,,,,0.0,,,,
,False,Phạm Minh Chính,,,,,,,,,0.0,,,,
,False,Phạm Minh Chính,,,,,,,,,43.0,,,,
,False,Phạm Minh Chính,,,,,,,,,0.0,,,,
,False,Phạm Minh Chính,,,,,,,,,55.0,,,,
,False,Phạm Minh Chính,,,,,,,,,53.0,,,,
,True,Phạm Minh Chính,,,,,,,,,0.0,,,,
,False,Nvidia,,,,,,,,,,28.0,,,
,False,Nvidia,,,,,,,,,,19.0,,,
,False,Nvidia,,,,,,,,,,32.0,,,
,False,Nvidia,,,,,,,,,,27.0,,,
,False,Nvidia,,,,,,,,,,20.0,,,
,False,Nvidia,,,,,,,,,,18.0,,,
,False,Nvidia,,,,,,,,,,28.0,,,
,False,Nvidia,,,,,,,,,,30.0,,,
,False,Nvidia,,,,,,,,,,35.0,,,
,False,Nvidia,,,,,,,,,,30.0,,,
,False,Nvidia,,,,,,,,,,30.0,,,
,False,Nvidia,,,,,,,,,,31.0,,,
,False,Nvidia,,,,,,,,,,28.0,,,
,False,Nvidia,,,,,,,,,,40.0,,,
,False,Nvidia,,,,,,,,,,44.0,,,
,False,Nvidia,,,,,,,,,,42.0,,,
,False,Nvidia,,,,,,,,,,35.0,,,
,False,Nvidia,,,,,,,,,,44.0,,,
,False,Nvidia,,,,,,,,,,38.0,,,
,False,Nvidia,,,,,,,,,,37.0,,,
,False,Nvidia,,,,,,,,,,34.0,,,
,False,Nvidia,,,,,,,,,,55.0,,,
,False,Nvidia,,,,,,,,,,32.0,,,
,False,Nvidia,,,,,,,,,,49.0,,,
,False,Nvidia,,,,,,,,,,40.0,,,
,False,Nvidia,,,,,,,,,,45.0,,,
,False,Nvidia,,,,,,,,,,44.0,,,
,False,Nvidia,,,,,,,,,,0.0,,,
,False,Nvidia,,,,,,,,,,32.0,,,
,False,Nvidia,,,,,,,,,,33.0,,,
,False,Nvidia,,,,,,,,,,35.0,,,
,False,Nvidia,,,,,,,,,,28.0,,,
,False,Nvidia,,,,,,,,,,0.0,,,
,False,Nvidia,,,,,,,,,,42.0,,,
,False,Nvidia,,,,,,,,,,0.0,,,
,False,Nvidia,,,,,,,,,,40.0,,,
,False,Nvidia,,,,,,,,,,39.0,,,
,False,Nvidia,,,,,,,,,,45.0,,,
,False,Nvidia,,,,,,,,,,0.0,,,
,False,Nvidia,,,,,,,,,,41.0,,,
,False,Nvidia,,,,,,,,,,41.0,,,
,False,Nvidia,,,,,,,,,,0.0,,,
,False,Nvidia,,,,,,,,,,0.0,,,
,False,Nvidia,,,,,,,,,,67.0,,,
,False,Nvidia,,,,,,,,,,42.0,,,
,False,Nvidia,,,,,,,,,,0.0,,,
,False,Nvidia,,,,,,,,,,0.0,,,
,False,Nvidia,,,,,,,,,,0.0,,,
,False,Nvidia,,,,,,,,,,48.0,,,
,False,Nvidia,,,,,,,,,,37.0,,,
,False,Nvidia,,,,,,,,,,40.0,,,
,False,Nvidia,,,,,,,,,,0.0,,,
,False,Nvidia,,,,,,,,,,0.0,,,
,False,Nvidia,,,,,,,,,,43.0,,,
,False,Nvidia,,,,,,,,,,25.0,,,
,False,Nvidia,,,,,,,,,,32.0,,,
,False,Nvidia,,,,,,,,,,22.0,,,
,False,Nvidia,,,,,,,,,,31.0,,,
,False,Nvidia,,,,,,,,,,40.0,,,
,False,Nvidia,,,,,,,,,,30.0,,,
,False,Nvidia,,,,,,,,,,30.0,,,
,False,Nvidia,,,,,,,,,,40.0,,,
,False,Nvidia,,,,,,,,,,48.0,,,
,False,Nvidia,,,,,,,,,,59.0,,,
,False,Nvidia,,,,,,,,,,45.0,,,
,False,Nvidia,,,,,,,,,,48.0,,,
,False,Nvidia,,,,,,,,,,51.0,,,
,False,Nvidia,,,,,,,,,,62.0,,,
,False,Nvidia,,,,,,,,,,51.0,,,
,False,Nvidia,,,,,,,,,,60.0,,,
,False,Nvidia,,,,,,,,,,56.0,,,
,False,Nvidia,,,,,,,,,,60.0,,,
,False,Nvidia,,,,,,,,,,63.0,,,
,False,Nvidia,,,,,,,,,,55.0,,,
,False,Nvidia,,,,,,,,,,91.0,,,
,False,Nvidia,,,,,,,,,,77.0,,,
,False,Nvidia,,,,,,,,,,76.0,,,
,False,Nvidia,,,,,,,,,,79.0,,,
,False,Nvidia,,,,,,,,,,96.0,,,
,False,Nvidia,,,,,,,,,,83.0,,,
,False,Nvidia,,,,,,,,,,83.0,,,
,False,Nvidia,,,,,,,,,,77.0,,,
,False,Nvidia,,,,,,,,,,74.0,,,
,False,Nvidia,,,,,,,,,,74.0,,,
,False,Nvidia,,,,,,,,,,75.0,,,
,False,Nvidia,,,,,,,,,,77.0,,,
,False,Nvidia,,,,,,,,,,62.0,,,
,False,Nvidia,,,,,,,,,,68.0,,,
,False,Nvidia,,,,,,,,,,66.0,,,
,False,Nvidia,,,,,,,,,,68.0,,,
,False,Nvidia,,,,,,,,,,58.0,,,
,False,Nvidia,,,,,,,,,,66.0,,,
,False,Nvidia,,,,,,,,,,65.0,,,
,False,Nvidia,,,,,,,,,,56.0,,,
,False,Nvidia,,,,,,,,,,62.0,,,
,False,Nvidia,,,,,,,,,,72.0,,,
,False,Nvidia,,,,,,,,,,69.0,,,
,False,Nvidia,,,,,,,,,,71.0,,,
,False,Nvidia,,,,,,,,,,64.0,,,
,False,Nvidia,,,,,,,,,,70.0,,,
,False,Nvidia,,,,,,,,,,68.0,,,
,False,Nvidia,,,,,,,,,,68.0,,,
,False,Nvidia,,,,,,,,,,75.0,,,
,False,Nvidia,,,,,,,,,,68.0,,,
,False,Nvidia,,,,,,,,,,66.0,,,
,False,Nvidia,,,,,,,,,,76.0,,,
,False,Nvidia,,,,,,,,,,74.0,,,
,False,Nvidia,,,,,,,,,,79.0,,,
,False,Nvidia,,,,,,,,,,83.0,,,
,False,Nvidia,,,,,,,,,,73.0,,,
,False,Nvidia,,,,,,,,,,65.0,,,
,False,Nvidia,,,,,,,,,,70.0,,,
,False,Nvidia,,,,,,,,,,68.0,,,
,False,Nvidia,,,,,,,,,,58.0,,,
,False,Nvidia,,,,,,,,,,74.0,,,
,False,Nvidia,,,,,,,,,,69.0,,,
,False,Nvidia,,,,,,,,,,68.0,,,
,False,Nvidia,,,,,,,,,,64.0,,,
,False,Nvidia,,,,,,,,,,66.0,,,
,False,Nvidia,,,,,,,,,,60.0,,,
,False,Nvidia,,,,,,,,,,63.0,,,
,False,Nvidia,,,,,,,,,,58.0,,,
,False,Nvidia,,,,,,,,,,51.0,,,
,False,Nvidia,,,,,,,,,,56.0,,,
,False,Nvidia,,,,,,,,,,59.0,,,
,False,Nvidia,,,,,,,,,,59.0,,,
,False,Nvidia,,,,,,,,,,50.0,,,
,False,Nvidia,,,,,,,,,,54.0,,,
,False,Nvidia,,,,,,,,,,66.0,,,
,False,Nvidia,,,,,,,,,,56.0,,,
,False,Nvidia,,,,,,,,,,50.0,,,
,False,Nvidia,,,,,,,,,,46.0,,,
,False,Nvidia,,,,,,,,,,52.0,,,
,False,Nvidia,,,,,,,,,,43.0,,,
,False,Nvidia,,,,,,,,,,55.0,,,
,False,Nvidia,,,,,,,,,,53.0,,,
,False,Nvidia,,,,,,,,,,46.0,,,
,False,Nvidia,,,,,,,,,,37.0,,,
,False,Nvidia,,,,,,,,,,29.0,,,
,False,Nvidia,,,,,,,,,,43.0,,,
,False,Nvidia,,,,,,,,,,36.0,,,
,False,Nvidia,,,,,,,,,,40.0,,,
,False,Nvidia,,,,,,,,,,35.0,,,
,False,Nvidia,,,,,,,,,,40.0,,,
,False,Nvidia,,,,,,,,,,40.0,,,
,False,Nvidia,,,,,,,,,,38.0,,,
,False,Nvidia,,,,,,,,,,36.0,,,
,False,Nvidia,,,,,,,,,,41.0,,,
,False,Nvidia,,,,,,,,,,35.0,,,
,False,Nvidia,,,,,,,,,,48.0,,,
,False,Nvidia,,,,,,,,,,51.0,,,
,False,Nvidia,,,,,,,,,,61.0,,,
,False,Nvidia,,,,,,,,,,38.0,,,
,False,Nvidia,,,,,,,,,,34.0,,,
,False,Nvidia,,,,,,,,,,32.0,,,
,False,Nvidia,,,,,,,,,,41.0,,,
,False,Nvidia,,,,,,,,,,36.0,,,
,False,Nvidia,,,,,,,,,,43.0,,,
,False,Nvidia,,,,,,,,,,73.0,,,
,False,Nvidia,,,,,,,,,,45.0,,,
,False,Nvidia,,,,,,,,,,44.0,,,
,False,Nvidia,,,,,,,,,,100.0,,,
,False,Nvidia,,,,,,,,,,62.0,,,
,False,Nvidia,,,,,,,,,,45.0,,,
,False,Nvidia,,,,,,,,,,50.0,,,
,False,Nvidia,,,,,,,,,,43.0,,,
,False,Nvidia,,,,,,,,,,48.0,,,
,False,Nvidia,,,,,,,,,,42.0,,,
,False,Nvidia,,,,,,,,,,45.0,,,
,False,Nvidia,,,,,,,,,,52.0,,,
,False,Nvidia,,,,,,,,,,40.0,,,
,False,Nvidia,,,,,,,,,,47.0,,,
,False,Nvidia,,,,,,,,,,53.0,,,
,False,Nvidia,,,,,,,,,,50.0,,,
,False,Nvidia,,,,,,,,,,42.0,,,
,False,Nvidia,,,,,,,,,,49.0,,,
,False,Nvidia,,,,,,,,,,54.0,,,
,False,Nvidia,,,,,,,,,,48.0,,,
,False,Nvidia,,,,,,,,,,68.0,,,
,False,Nvidia,,,,,,,,,,70.0,,,
,True,Nvidia,,,,,,,,,,66.0,,,
,False,Bitcoin,,,,,,,,,,,48.0,,
,False,Bitcoin,,,,,,,,,,,43.0,,
,False,Bitcoin,,,,,,,,,,,56.0,,
,False,Bitcoin,,,,,,,,,,,46.0,,
,False,Bitcoin,,,,,,,,,,,43.0,,
,False,Bitcoin,,,,,,,,,,,37.0,,
,False,Bitcoin,,,,,,,,,,,43.0,,
,False,Bitcoin,,,,,,,,,,,46.0,,
,False,Bitcoin,,,,,,,,,,,46.0,,
,False,Bitcoin,,,,,,,,,,,48.0,,
,False,Bitcoin,,,,,,,,,,,52.0,,
,False,Bitcoin,,,,,,,,,,,53.0,,
,False,Bitcoin,,,,,,,,,,,40.0,,
,False,Bitcoin,,,,,,,,,,,50.0,,
,False,Bitcoin,,,,,,,,,,,50.0,,
,False,Bitcoin,,,,,,,,,,,23.0,,
,False,Bitcoin,,,,,,,,,,,46.0,,
,False,Bitcoin,,,,,,,,,,,53.0,,
,False,Bitcoin,,,,,,,,,,,44.0,,
,False,Bitcoin,,,,,,,,,,,36.0,,
,False,Bitcoin,,,,,,,,,,,34.0,,
,False,Bitcoin,,,,,,,,,,,35.0,,
,False,Bitcoin,,,,,,,,,,,45.0,,
,False,Bitcoin,,,,,,,,,,,54.0,,
,False,Bitcoin,,,,,,,,,,,89.0,,
,False,Bitcoin,,,,,,,,,,,34.0,,
,False,Bitcoin,,,,,,,,,,,0.0,,
,False,Bitcoin,,,,,,,,,,,63.0,,
,False,Bitcoin,,,,,,,,,,,43.0,,
,False,Bitcoin,,,,,,,,,,,0.0,,
,False,Bitcoin,,,,,,,,,,,49.0,,
,False,Bitcoin,,,,,,,,,,,47.0,,
,False,Bitcoin,,,,,,,,,,,0.0,,
,False,Bitcoin,,,,,,,,,,,0.0,,
,False,Bitcoin,,,,,,,,,,,0.0,,
,False,Bitcoin,,,,,,,,,,,0.0,,
,False,Bitcoin,,,,,,,,,,,0.0,,
,False,Bitcoin,,,,,,,,,,,0.0,,
,False,Bitcoin,,,,,,,,,,,0.0,,
,False,Bitcoin,,,,,,,,,,,0.0,,
,False,Bitcoin,,,,,,,,,,,64.0,,
,False,Bitcoin,,,,,,,,,,,0.0,,
,False,Bitcoin,,,,,,,,,,,71.0,,
,False,Bitcoin,,,,,,,,,,,91.0,,
,False,Bitcoin,,,,,,,,,,,69.0,,
,False,Bitcoin,,,,,,,,,,,0.0,,
,False,Bitcoin,,,,,,,,,,,0.0,,
,False,Bitcoin,,,,,,,,,,,0.0,,
,False,Bitcoin,,,,,,,,,,,100.0,,
,False,Bitcoin,,,,,,,,,,,0.0,,
,False,Bitcoin,,,,,,,,,,,0.0,,
,False,Bitcoin,,,,,,,,,,,0.0,,
,False,Bitcoin,,,,,,,,,,,0.0,,
,False,Bitcoin,,,,,,,,,,,52.0,,
,False,Bitcoin,,,,,,,,,,,36.0,,
,False,Bitcoin,,,,,,,,,,,59.0,,
,False,Bitcoin,,,,,,,,,,,67.0,,
,False,Bitcoin,,,,,,,,,,,50.0,,
,False,Bitcoin,,,,,,,,,,,49.0,,
,False,Bitcoin,,,,,,,,,,,54.0,,
,False,Bitcoin,,,,,,,,,,,65.0,,
,False,Bitcoin,,,,,,,,,,,67.0,,
,False,Bitcoin,,,,,,,,,,,52.0,,
,False,Bitcoin,,,,,,,,,,,57.0,,
,False,Bitcoin,,,,,,,,,,,39.0,,
,False,Bitcoin,,,,,,,,,,,82.0,,
,False,Bitcoin,,,,,,,,,,,71.0,,
,False,Bitcoin,,,,,,,,,,,52.0,,
,False,Bitcoin,,,,,,,,,,,83.0,,
,False,Bitcoin,,,,,,,,,,,64.0,,
,False,Bitcoin,,,,,,,,,,,71.0,,
,False,Bitcoin,,,,,,,,,,,54.0,,
,False,Bitcoin,,,,,,,,,,,48.0,,
,False,Bitcoin,,,,,,,,,,,73.0,,
,False,Bitcoin,,,,,,,,,,,54.0,,
,False,Bitcoin,,,,,,,,,,,67.0,,
,False,Bitcoin,,,,,,,,,,,64.0,,
,False,Bitcoin,,,,,,,,,,,51.0,,
,False,Bitcoin,,,,,,,,,,,60.0,,
,False,Bitcoin,,,,,,,,,,,63.0,,
,False,Bitcoin,,,,,,,,,,,71.0,,
,False,Bitcoin,,,,,,,,,,,54.0,,
,False,Bitcoin,,,,,,,,,,,51.0,,
,False,Bitcoin,,,,,,,,,,,52.0,,
,False,Bitcoin,,,,,,,,,,,66.0,,
,False,Bitcoin,,,,,,,,,,,50.0,,
,False,Bitcoin,,,,,,,,,,,52.0,,
,False,Bitcoin,,,,,,,,,,,57.0,,
,False,Bitcoin,,,,,,,,,,,53.0,,
,False,Bitcoin,,,,,,,,,,,47.0,,
,False,Bitcoin,,,,,,,,,,,53.0,,
,False,Bitcoin,,,,,,,,,,,49.0,,
,False,Bitcoin,,,,,,,,,,,58.0,,
,False,Bitcoin,,,,,,,,,,,41.0,,
,False,Bitcoin,,,,,,,,,,,47.0,,
,False,Bitcoin,,,,,,,,,,,53.0,,
,False,Bitcoin,,,,,,,,,,,46.0,,
,False,Bitcoin,,,,,,,,,,,57.0,,
,False,Bitcoin,,,,,,,,,,,50.0,,
,False,Bitcoin,,,,,,,,,,,55.0,,
,False,Bitcoin,,,,,,,,,,,55.0,,
,False,Bitcoin,,,,,,,,,,,55.0,,
,False,Bitcoin,,,,,,,,,,,51.0,,
,False,Bitcoin,,,,,,,,,,,47.0,,
,False,Bitcoin,,,,,,,,,,,50.0,,
,False,Bitcoin,,,,,,,,,,,53.0,,
,False,Bitcoin,,,,,,,,,,,44.0,,
,False,Bitcoin,,,,,,,,,,,39.0,,
,False,Bitcoin,,,,,,,,,,,48.0,,
,False,Bitcoin,,,,,,,,,,,57.0,,
,False,Bitcoin,,,,,,,,,,,44.0,,
,False,Bitcoin,,,,,,,,,,,37.0,,
,False,Bitcoin,,,,,,,,,,,47.0,,
,False,Bitcoin,,,,,,,,,,,41.0,,
,False,Bitcoin,,,,,,,,,,,49.0,,
,False,Bitcoin,,,,,,,,,,,43.0,,
,False,Bitcoin,,,,,,,,,,,42.0,,
,False,Bitcoin,,,,,,,,,,,51.0,,
,False,Bitcoin,,,,,,,,,,,38.0,,
,False,Bitcoin,,,,,,,,,,,39.0,,
,False,Bitcoin,,,,,,,,,,,38.0,,
,False,Bitcoin,,,,,,,,,,,42.0,,
,False,Bitcoin,,,,,,,,,,,33.0,,
,False,Bitcoin,,,,,,,,,,,31.0,,
,False,Bitcoin,,,,,,,,,,,34.0,,
,False,Bitcoin,,,,,,,,,,,35.0,,
,False,Bitcoin,,,,,,,,,,,38.0,,
,False,Bitcoin,,,,,,,,,,,34.0,,
,False,Bitcoin,,,,,,,,,,,44.0,,
,False,Bitcoin,,,,,,,,,,,34.0,,
,False,Bitcoin,,,,,,,,,,,31.0,,
,False,Bitcoin,,,,,,,,,,,32.0,,
,False,Bitcoin,,,,,,,,,,,42.0,,
,False,Bitcoin,,,,,,,,,,,37.0,,
,False,Bitcoin,,,,,,,,,,,48.0,,
,False,Bitcoin,,,,,,,,,,,38.0,,
,False,Bitcoin,,,,,,,,,,,40.0,,
,False,Bitcoin,,,,,,,,,,,30.0,,
,False,Bitcoin,,,,,,,,,,,24.0,,
,False,Bitcoin,,,,,,,,,,,32.0,,
,False,Bitcoin,,,,,,,,,,,30.0,,
,False,Bitcoin,,,,,,,,,,,27.0,,
,False,Bitcoin,,,,,,,,,,,29.0,,
,False,Bitcoin,,,,,,,,,,,25.0,,
,False,Bitcoin,,,,,,,,,,,32.0,,
,False,Bitcoin,,,,,,,,,,,23.0,,
,False,Bitcoin,,,,,,,,,,,26.0,,
,False,Bitcoin,,,,,,,,,,,24.0,,
,False,Bitcoin,,,,,,,,,,,30.0,,
,False,Bitcoin,,,,,,,,,,,21.0,,
,False,Bitcoin,,,,,,,,,,,34.0,,
,False,Bitcoin,,,,,,,,,,,23.0,,
,False,Bitcoin,,,,,,,,,,,26.0,,
,False,Bitcoin,,,,,,,,,,,15.0,,
,False,Bitcoin,,,,,,,,,,,18.0,,
,False,Bitcoin,,,,,,,,,,,25.0,,
,False,Bitcoin,,,,,,,,,,,18.0,,
,False,Bitcoin,,,,,,,,,,,26.0,,
,False,Bitcoin,,,,,,,,,,,29.0,,
,False,Bitcoin,,,,,,,,,,,32.0,,
,False,Bitcoin,,,,,,,,,,,29.0,,
,False,Bitcoin,,,,,,,,,,,30.0,,
,False,Bitcoin,,,,,,,,,,,25.0,,
,False,Bitcoin,,,,,,,,,,,24.0,,
,False,Bitcoin,,,,,,,,,,,28.0,,
,False,Bitcoin,,,,,,,,,,,29.0,,
,False,Bitcoin,,,,,,,,,,,24.0,,
,False,Bitcoin,,,,,,,,,,,22.0,,
,False,Bitcoin,,,,,,,,,,,17.0,,
,False,Bitcoin,,,,,,,,,,,26.0,,
,False,Bitcoin,,,,,,,,,,,25.0,,
,False,Bitcoin,,,,,,,,,,,31.0,,
,False,Bitcoin,,,,,,,,,,,34.0,,
,False,Bitcoin,,,,,,,,,,,27.0,,
,False,Bitcoin,,,,,,,,,,,26.0,,
,False,Bitcoin,,,,,,,,,,,27.0,,
,False,Bitcoin,,,,,,,,,,,25.0,,
,False,Bitcoin,,,,,,,,,,,32.0,,
,False,Bitcoin,,,,,,,,,,,24.0,,
,False,Bitcoin,,,,,,,,,,,34.0,,
,True,Bitcoin,,,,,,,,,,,43.0,,
,False,Epl,,,,,,,,,,,,14.0,
,False,Epl,,,,,,,,,,,,13.0,
,False,Epl,,,,,,,,,,,,16.0,
,False,Epl,,,,,,,,,,,,14.0,
,False,Epl,,,,,,,,,,,,24.0,
,False,Epl,,,,,,,,,,,,22.0,
,False,Epl,,,,,,,,,,,,15.0,
,False,Epl,,,,,,,,,,,,14.0,
,False,Epl,,,,,,,,,,,,17.0,
,False,Epl,,,,,,,,,,,,21.0,
,False,Epl,,,,,,,,,,,,18.0,
,False,Epl,,,,,,,,,,,,14.0,
,False,Epl,,,,,,,,,,,,15.0,
,False,Epl,,,,,,,,,,,,23.0,
,False,Epl,,,,,,,,,,,,0.0,
,False,Epl,,,,,,,,,,,,16.0,
,False,Epl,,,,,,,,,,,,22.0,
,False,Epl,,,,,,,,,,,,22.0,
,False,Epl,,,,,,,,,,,,18.0,
,False,Epl,,,,,,,,,,,,34.0,
,False,Epl,,,,,,,,,,,,29.0,
,False,Epl,,,,,,,,,,,,28.0,
,False,Epl,,,,,,,,,,,,39.0,
,False,Epl,,,,,,,,,,,,33.0,
,False,Epl,,,,,,,,,,,,30.0,
,False,Epl,,,,,,,,,,,,27.0,
,False,Epl,,,,,,,,,,,,48.0,
,False,Epl,,,,,,,,,,,,63.0,
,False,Epl,,,,,,,,,,,,33.0,
,False,Epl,,,,,,,,,,,,29.0,
,False,Epl,,,,,,,,,,,,49.0,
,False,Epl,,,,,,,,,,,,54.0,
,False,Epl,,,,,,,,,,,,48.0,
,False,Epl,,,,,,,,,,,,60.0,
,False,Epl,,,,,,,,,,,,39.0,
,False,Epl,,,,,,,,,,,,0.0,
,False,Epl,,,,,,,,,,,,0.0,
,False,Epl,,,,,,,,,,,,64.0,
,False,Epl,,,,,,,,,,,,82.0,
,False,Epl,,,,,,,,,,,,63.0,
,False,Epl,,,,,,,,,,,,100.0,
,False,Epl,,,,,,,,,,,,88.0,
,False,Epl,,,,,,,,,,,,61.0,
,False,Epl,,,,,,,,,,,,78.0,
,False,Epl,,,,,,,,,,,,76.0,
,False,Epl,,,,,,,,,,,,70.0,
,False,Epl,,,,,,,,,,,,43.0,
,False,Epl,,,,,,,,,,,,69.0,
,False,Epl,,,,,,,,,,,,67.0,
,False,Epl,,,,,,,,,,,,71.0,
,False,Epl,,,,,,,,,,,,53.0,
,False,Epl,,,,,,,,,,,,50.0,
,False,Epl,,,,,,,,,,,,44.0,
,False,Epl,,,,,,,,,,,,69.0,
,False,Epl,,,,,,,,,,,,49.0,
,False,Epl,,,,,,,,,,,,43.0,
,False,Epl,,,,,,,,,,,,44.0,
,False,Epl,,,,,,,,,,,,28.0,
,False,Epl,,,,,,,,,,,,21.0,
,False,Epl,,,,,,,,,,,,43.0,
,False,Epl,,,,,,,,,,,,29.0,
,False,Epl,,,,,,,,,,,,33.0,
,False,Epl,,,,,,,,,,,,33.0,
,False,Epl,,,,,,,,,,,,39.0,
,False,Epl,,,,,,,,,,,,50.0,
,False,Epl,,,,,,,,,,,,34.0,
,False,Epl,,,,,,,,,,,,44.0,
,False,Epl,,,,,,,,,,,,43.0,
,False,Epl,,,,,,,,,,,,31.0,
,False,Epl,,,,,,,,,,,,34.0,
,False,Epl,,,,,,,,,,,,36.0,
,False,Epl,,,,,,,,,,,,17.0,
,False,Epl,,,,,,,,,,,,19.0,
,False,Epl,,,,,,,,,,,,17.0,
,False,Epl,,,,,,,,,,,,19.0,
,False,Epl,,,,,,,,,,,,22.0,
,False,Epl,,,,,,,,,,,,23.0,
,False,Epl,,,,,,,,,,,,18.0,
,False,Epl,,,,,,,,,,,,22.0,
,False,Epl,,,,,,,,,,,,17.0,
,False,Epl,,,,,,,,,,,,14.0,
,False,Epl,,,,,,,,,,,,14.0,
,False,Epl,,,,,,,,,,,,13.0,
,False,Epl,,,,,,,,,,,,18.0,
,False,Epl,,,,,,,,,,,,17.0,
,False,Epl,,,,,,,,,,,,12.0,
,False,Epl,,,,,,,,,,,,8.0,
,False,Epl,,,,,,,,,,,,21.0,
,False,Epl,,,,,,,,,,,,12.0,
,False,Epl,,,,,,,,,,,,12.0,
,False,Epl,,,,,,,,,,,,17.0,
,False,Epl,,,,,,,,,,,,13.0,
,False,Epl,,,,,,,,,,,,12.0,
,False,Epl,,,,,,,,,,,,13.0,
,False,Epl,,,,,,,,,,,,11.0,
,False,Epl,,,,,,,,,,,,11.0,
,False,Epl,,,,,,,,,,,,15.0,
,False,Epl,,,,,,,,,,,,14.0,
,False,Epl,,,,,,,,,,,,9.0,
,False,Epl,,,,,,,,,,,,8.0,
,False,Epl,,,,,,,,,,,,10.0,
,False,Epl,,,,,,,,,,,,10.0,
,False,Epl,,,,,,,,,,,,11.0,
,False,Epl,,,,,,,,,,,,19.0,
,False,Epl,,,,,,,,,,,,14.0,
,False,Epl,,,,,,,,,,,,16.0,
,False,Epl,,,,,,,,,,,,17.0,
,False,Epl,,,,,,,,,,,,13.0,
,False,Epl,,,,,,,,,,,,12.0,
,False,Epl,,,,,,,,,,,,12.0,
,False,Epl,,,,,,,,,,,,13.0,
,False,Epl,,,,,,,,,,,,9.0,
,False,Epl,,,,,,,,,,,,12.0,
,False,Epl,,,,,,,,,,,,9.0,
,False,Epl,,,,,,,,,,,,12.0,
,False,Epl,,,,,,,,,,,,7.0,
,False,Epl,,,,,,,,,,,,9.0,
,False,Epl,,,,,,,,,,,,7.0,
,False,Epl,,,,,,,,,,,,7.0,
,False,Epl,,,,,,,,,,,,7.0,
,False,Epl,,,,,,,,,,,,7.0,
,False,Epl,,,,,,,,,,,,8.0,
,False,Epl,,,,,,,,,,,,8.0,
,False,Epl,,,,,,,,,,,,12.0,
,False,Epl,,,,,,,,,,,,7.0,
,False,Epl,,,,,,,,,,,,6.0,
,False,Epl,,,,,,,,,,,,8.0,
,False,Epl,,,,,,,,,,,,9.0,
,False,Epl,,,,,,,,,,,,11.0,
,False,Epl,,,,,,,,,,,,6.0,
,False,Epl,,,,,,,,,,,,10.0,
,False,Epl,,,,,,,,,,,,7.0,
,False,Epl,,,,,,,,,,,,10.0,
,False,Epl,,,,,,,,,,,,6.0,
,False,Epl,,,,,,,,,,,,0.0,
,False,Epl,,,,,,,,,,,,6.0,
,False,Epl,,,,,,,,,,,,8.0,
,False,Epl,,,,,,,,,,,,6.0,
,False,Epl,,,,,,,,,,,,4.0,
,False,Epl,,,,,,,,,,,,6.0,
,False,Epl,,,,,,,,,,,,7.0,
,False,Epl,,,,,,,,,,,,9.0,
,False,Epl,,,,,,,,,,,,6.0,
,False,Epl,,,,,,,,,,,,14.0,
,False,Epl,,,,,,,,,,,,7.0,
,False,Epl,,,,,,,,,,,,7.0,
,False,Epl,,,,,,,,,,,,8.0,
,False,Epl,,,,,,,,,,,,8.0,
,False,Epl,,,,,,,,,,,,10.0,
,False,Epl,,,,,,,,,,,,12.0,
,False,Epl,,,,,,,,,,,,13.0,
,False,Epl,,,,,,,,,,,,13.0,
,False,Epl,,,,,,,,,,,,8.0,
,False,Epl,,,,,,,,,,,,7.0,
,False,Epl,,,,,,,,,,,,10.0,
,False,Epl,,,,,,,,,,,,6.0,
,False,Epl,,,,,,,,,,,,10.0,
,False,Epl,,,,,,,,,,,,8.0,
,False,Epl,,,,,,,,,,,,8.0,
,False,Epl,,,,,,,,,,,,7.0,
,False,Epl,,,,,,,,,,,,11.0,
,False,Epl,,,,,,,,,,,,13.0,
,False,Epl,,,,,,,,,,,,15.0,
,False,Epl,,,,,,,,,,,,12.0,
,False,Epl,,,,,,,,,,,,14.0,
,False,Epl,,,,,,,,,,,,11.0,
,False,Epl,,,,,,,,,,,,11.0,
,False,Epl,,,,,,,,,,,,8.0,
,False,Epl,,,,,,,,,,,,12.0,
,False,Epl,,,,,,,,,,,,13.0,
,False,Epl,,,,,,,,,,,,9.0,
,False,Epl,,,,,,,,,,,,11.0,
,False,Epl,,,,,,,,,,,,10.0,
,False,Epl,,,,,,,,,,,,13.0,
,False,Epl,,,,,,,,,,,,13.0,
,False,Epl,,,,,,,,,,,,13.0,
,False,Epl,,,,,,,,,,,,14.0,
,False,Epl,,,,,,,,,,,,9.0,
,False,Epl,,,,,,,,,,,,16.0,
,False,Epl,,,,,,,,,,,,15.0,
,True,Epl,,,,,,,,,,,,8.0,
,False,Man City,,,,,,,,,,,,,38.0
,False,Man City,,,,,,,,,,,,,33.0
,False,Man City,,,,,,,,,,,,,27.0
,False,Man City,,,,,,,,,,,,,25.0
,False,Man City,,,,,,,,,,,,,40.0
,False,Man City,,,,,,,,,,,,,27.0
,False,Man City,,,,,,,,,,,,,28.0
,False,Man City,,,,,,,,,,,,,23.0
,False,Man City,,,,,,,,,,,,,25.0
,False,Man City,,,,,,,,,,,,,30.0
,False,Man City,,,,,,,,,,,,,24.0
,False,Man City,,,,,,,,,,,,,26.0
,False,Man City,,,,,,,,,,,,,0.0
,False,Man City,,,,,,,,,,,,,0.0
,False,Man City,,,,,,,,,,,,,31.0
,False,Man City,,,,,,,,,,,,,0.0
,False,Man City,,,,,,,,,,,,,0.0
,False,Man City,,,,,,,,,,,,,0.0
,False,Man City,,,,,,,,,,,,,36.0
,False,Man City,,,,,,,,,,,,,40.0
,False,Man City,,,,,,,,,,,,,0.0
,False,Man City,,,,,,,,,,,,,0.0
,False,Man City,,,,,,,,,,,,,0.0
,False,Man City,,,,,,,,,,,,,0.0
,False,Man City,,,,,,,,,,,,,0.0
,False,Man City,,,,,,,,,,,,,0.0
,False,Man City,,,,,,,,,,,,,0.0
,False,Man City,,,,,,,,,,,,,0.0
,False,Man City,,,,,,,,,,,,,0.0
,False,Man City,,,,,,,,,,,,,0.0
,False,Man City,,,,,,,,,,,,,0.0
,False,Man City,,,,,,,,,,,,,0.0
,False,Man City,,,,,,,,,,,,,0.0
,False,Man City,,,,,,,,,,,,,0.0
,False,Man City,,,,,,,,,,,,,0.0
,False,Man City,,,,,,,,,,,,,0.0
,False,Man City,,,,,,,,,,,,,0.0
,False,Man City,,,,,,,,,,,,,0.0
,False,Man City,,,,,,,,,,,,,0.0
,False,Man City,,,,,,,,,,,,,0.0
,False,Man City,,,,,,,,,,,,,100.0
,False,Man City,,,,,,,,,,,,,0.0
,False,Man City,,,,,,,,,,,,,0.0
,False,Man City,,,,,,,,,,,,,0.0
,False,Man City,,,,,,,,,,,,,0.0
,False,Man City,,,,,,,,,,,,,0.0
,False,Man City,,,,,,,,,,,,,0.0
,False,Man City,,,,,,,,,,,,,0.0
,False,Man City,,,,,,,,,,,,,0.0
,False,Man City,,,,,,,,,,,,,0.0
,False,Man City,,,,,,,,,,,,,0.0
,False,Man City,,,,,,,,,,,,,0.0
,False,Man City,,,,,,,,,,,,,0.0
,False,Man City,,,,,,,,,,,,,0.0
,False,Man City,,,,,,,,,,,,,0.0
,False,Man City,,,,,,,,,,,,,0.0
,False,Man City,,,,,,,,,,,,,0.0
,False,Man City,,,,,,,,,,,,,0.0
,False,Man City,,,,,,,,,,,,,0.0
,False,Man City,,,,,,,,,,,,,41.0
,False,Man City,,,,,,,,,,,,,41.0
,False,Man City,,,,,,,,,,,,,37.0
,False,Man City,,,,,,,,,,,,,60.0
,False,Man City,,,,,,,,,,,,,0.0
,False,Man City,,,,,,,,,,,,,40.0
,False,Man City,,,,,,,,,,,,,0.0
,False,Man City,,,,,,,,,,,,,0.0
,False,Man City,,,,,,,,,,,,,0.0
,False,Man City,,,,,,,,,,,,,0.0
,False,Man City,,,,,,,,,,,,,0.0
,False,Man City,,,,,,,,,,,,,0.0
,False,Man City,,,,,,,,,,,,,0.0
,False,Man City,,,,,,,,,,,,,25.0
,False,Man City,,,,,,,,,,,,,0.0
,False,Man City,,,,,,,,,,,,,0.0
,False,Man City,,,,,,,,,,,,,0.0
,False,Man City,,,,,,,,,,,,,0.0
,False,Man City,,,,,,,,,,,,,18.0
,False,Man City,,,,,,,,,,,,,0.0
,False,Man City,,,,,,,,,,,,,0.0
,False,Man City,,,,,,,,,,,,,17.0
,False,Man City,,,,,,,,,,,,,0.0
,False,Man City,,,,,,,,,,,,,16.0
,False,Man City,,,,,,,,,,,,,14.0
,False,Man City,,,,,,,,,,,,,18.0
,False,Man City,,,,,,,,,,,,,23.0
,False,Man City,,,,,,,,,,,,,17.0
,False,Man City,,,,,,,,,,,,,19.0
,False,Man City,,,,,,,,,,,,,16.0
,False,Man City,,,,,,,,,,,,,12.0
,False,Man City,,,,,,,,,,,,,13.0
,False,Man City,,,,,,,,,,,,,0.0
,False,Man City,,,,,,,,,,,,,12.0
,False,Man City,,,,,,,,,,,,,13.0
,False,Man City,,,,,,,,,,,,,16.0
,False,Man City,,,,,,,,,,,,,15.0
,False,Man City,,,,,,,,,,,,,19.0
,False,Man City,,,,,,,,,,,,,18.0
,False,Man City,,,,,,,,,,,,,14.0
,False,Man City,,,,,,,,,,,,,24.0
,False,Man City,,,,,,,,,,,,,21.0
,False,Man City,,,,,,,,,,,,,21.0
,False,Man City,,,,,,,,,,,,,23.0
,False,Man City,,,,,,,,,,,,,22.0
,False,Man City,,,,,,,,,,,,,33.0
,False,Man City,,,,,,,,,,,,,19.0
,False,Man City,,,,,,,,,,,,,19.0
,False,Man City,,,,,,,,,,,,,22.0
,False,Man City,,,,,,,,,,,,,34.0
,False,Man City,,,,,,,,,,,,,0.0
,False,Man City,,,,,,,,,,,,,21.0
,False,Man City,,,,,,,,,,,,,14.0
,False,Man City,,,,,,,,,,,,,22.0
,False,Man City,,,,,,,,,,,,,15.0
,False,Man City,,,,,,,,,,,,,0.0
,False,Man City,,,,,,,,,,,,,0.0
,False,Man City,,,,,,,,,,,,,24.0
,False,Man City,,,,,,,,,,,,,0.0
,False,Man City,,,,,,,,,,,,,17.0
,False,Man City,,,,,,,,,,,,,26.0
,False,Man City,,,,,,,,,,,,,13.0
,False,Man City,,,,,,,,,,,,,0.0
,False,Man City,,,,,,,,,,,,,0.0
,False,Man City,,,,,,,,,,,,,13.0
,False,Man City,,,,,,,,,,,,,0.0
,False,Man City,,,,,,,,,,,,,0.0
,False,Man City,,,,,,,,,,,,,11.0
,False,Man City,,,,,,,,,,,,,0.0
,False,Man City,,,,,,,,,,,,,14.0
,False,Man City,,,,,,,,,,,,,0.0
,False,Man City,,,,,,,,,,,,,0.0
,False,Man City,,,,,,,,,,,,,20.0
,False,Man City,,,,,,,,,,,,,13.0
,False,Man City,,,,,,,,,,,,,15.0
,False,Man City,,,,,,,,,,,,,0.0
,False,Man City,,,,,,,,,,,,,21.0
,False,Man City,,,,,,,,,,,,,15.0
,False,Man City,,,,,,,,,,,,,12.0
,False,Man City,,,,,,,,,,,,,0.0
,False,Man City,,,,,,,,,,,,,12.0
,False,Man City,,,,,,,,,,,,,10.0
,False,Man City,,,,,,,,,,,,,22.0
,False,Man City,,,,,,,,,,,,,0.0
,False,Man City,,,,,,,,,,,,,20.0
,False,Man City,,,,,,,,,,,,,0.0
,False,Man City,,,,,,,,,,,,,14.0
,False,Man City,,,,,,,,,,,,,11.0
,False,Man City,,,,,,,,,,,,,25.0
,False,Man City,,,,,,,,,,,,,16.0
,False,Man City,,,,,,,,,,,,,15.0
,False,Man City,,,,,,,,,,,,,25.0
,False,Man City,,,,,,,,,,,,,17.0
,False,Man City,,,,,,,,,,,,,10.0
,False,Man City,,,,,,,,,,,,,19.0
,False,Man City,,,,,,,,,,,,,11.0
,False,Man City,,,,,,,,,,,,,28.0
,False,Man City,,,,,,,,,,,,,24.0
,False,Man City,,,,,,,,,,,,,17.0
,False,Man City,,,,,,,,,,,,,17.0
,False,Man City,,,,,,,,,,,,,29.0
,False,Man City,,,,,,,,,,,,,24.0
,False,Man City,,,,,,,,,,,,,19.0
,False,Man City,,,,,,,,,,,,,22.0
,False,Man City,,,,,,,,,,,,,19.0
,False,Man City,,,,,,,,,,,,,22.0
,False,Man City,,,,,,,,,,,,,25.0
,False,Man City,,,,,,,,,,,,,26.0
,False,Man City,,,,,,,,,,,,,26.0
,False,Man City,,,,,,,,,,,,,13.0
,False,Man City,,,,,,,,,,,,,13.0
,False,Man City,,,,,,,,,,,,,15.0
,False,Man City,,,,,,,,,,,,,24.0
,False,Man City,,,,,,,,,,,,,19.0
,False,Man City,,,,,,,,,,,,,24.0
,False,Man City,,,,,,,,,,,,,23.0
,False,Man City,,,,,,,,,,,,,16.0
,False,Man City,,,,,,,,,,,,,17.0
,False,Man City,,,,,,,,,,,,,27.0
,False,Man City,,,,,,,,,,,,,21.0
,False,Man City,,,,,,,,,,,,,28.0
,True,Man City,,,,,,,,,,,,,0.0
